Site Name,Address,Post Code,Location Type,Ward,Sticker,Postcode area,Site Number,UPRN,Latitude,Longitude,y,x,Recyclables-Mixed Glass,Recyclables-Paper,Recyclables-Textiles,Recyclables Small Electrical,Non LCC Banks,Type,Tally of Sites,Cleaning,No of  Glass Banks,04/19 Glass Tonnages Kg,05/19 Glass Tonnages Kg,06/19 Glass Tonnages Kg,07/19 Glass Tonnages Kg,08/19 Glass Tonnages Kg,09/19 Glass Tonnages Kg,10/19 Glass Tonnages Kg,11/19 Glass Tonnages Kg,12/19 Glass Tonnages Kg,01/20 Glass Tonnages Kg,02/20Glass Tonnages Kg,03/20 Glass Tonnages Kg,,,,,,,,,,,,,,,,,,,,,,,,,,
 Armley Conservative Club - Leeds Jazz Club,Armley Ridge Road,LS12 3NU,Social Club,Armley,,LS12,21910,72662636,53.798438,-1.59674,433646,426659,Y,,,,,Glass,1,,1,310,,727,,685,,730,,1017,476,,348.78,,,,,,,,,,,,,,,,,,,,,,,,,,
 City Island Apartments / Waterside Apartments,Gotts Road,LS12 1AD,Road Side,City and Hunslet,Y,LS12,21955,72662515,53.795383,-1.563447,433319,428854,Y,,,,,Glass,1,,3,"2,055",344,"1,018",728,"1,850",,325,1222,279,953,178.66,2068.15,,,,,,,,,,,,,,,,,,,,,,,,,,
Abbey Inn,Pollard Lane,LS13 1EQ,Pub,Bramley and Stanningley,Y,LS13,22312,72158661,53.826684,-1.637747,436774,423942,Y,,,,,Glass,1,,1,508,426,667,937,340,434,508,417,0,4276,308.79,508,,,,,,,,,,,,,,,,,,,,,,,,,,
Acorn Public House,"Leeds Bradford Road, Bramley",LS13 1NS,Pub,Bramley and Stanningley,Y,LS13,22313,72118188,53.819699,-1.634268,435998,424175,Y,,,,,Glass,1,,1,254,,667,650,134,177,143,141,0,113,182.52,254,,,,,,,,,,,,,,,,,,,,,,,,,,
Adel War Memorial Association,Church Lane,LS16 8DG,Social Club,Adel and Wharfedale,Y,LS16,22314,72564100,53.855966,-1.587172,440050,427252,Y,,,,,Glass,1,,1,,561,844,555,"1,301",684,377,377,321,1015,135.92,472.87,,,,,,,,,,,,,,,,,,,,,,,,,,
Adrian Social Club,Belle Vue Avenue,LS8 2NN,Social Club,Roundhay,Y,LS8,21900,72019451,53.824459,-1.48834,436587,433778,Y,Y,,,,"Glass, Paper",1,,3,"2,570","1,677","1,252","1,483","1,435","1,464","4,490",1361,5537,3022,1701.3,2522.7,,,,,,,,,,,,,,,,,,,,,,,,,,
Adwalton Cricket Club,"Moorside Vale, Dridlington",BD11 1HG,Sports Club,Kippax and Methley,,BD11,21901,72547359,53.751773,-1.654953,428434,422850,Y,,,,,Glass,1,,1,,,,,711,,,501,,,,675.7,,,,,,,,,,,,,,,,,,,,,,,,,,
Aireborough Guisley Sport Centre,"St Oswalds Terrace, Guiseley",LS20 9BT,Leisure Centre,Guiseley and Rawdon,Y,LS20,21902,72292763,53.873091,-1.707248,441916,419346,Y,Y,Y,,,"Glass, Paper, Textile",1,,1,"3,294","4,556",365,"1,144",,"1,269","1,865",1588,3083,3126,1911.6,485,,,,,,,,,,,,,,,,,,,,,,,,,,
Allied Glass,Haigh Park Road,LS10 1NQ,Business,City and Hunslet,,LS10,22333,72187971,53.786766,-1.528641,432375,431153,Y,,,,,Glass,,,,,672,,,,,,,,795,2387.3,,,,,,,,,,,,,,,,,,,,,,,,,,,
Alwoodley Community Centre,"The Avenue, Alwoodley",LS17 7NZ,Social Club,Alwoodley,Y,LS17,21962,72523636,53.858701,-1.555171,440367,429355,Y,,,,,Glass,1,,1,"1,617",871,"1,451","1,577","1,071","1,357",,536,2089,1172,1879.3,1617,,,,,,,,,,,,,,,,,,,,,,,,,,
Anchor Inn,"Victoria Street, Castleford",WF10 2DF,Pub,Kippax and Methley,Y,WF10,21906,72527193,53.743386,-1.367903,427631,441786,Y,,,,,Glass,1,,3,,"1,131","1,920",677,"1,766","1,624","1,675",2178,1369,2231,,2893.58,,,,,,,,,,,,,,,,,,,,,,,,,,
Archery Road,Archery Road,LS2 9AR,Road Side,Hyde Park and Woodhouse,,LS2,,72666640,53.808231,-1.548826,434755,429808,,,Y,Y,,"Textile, Small Electrical Appliances",,,0,,,,,,,,,,,,,,,,,,,,,,,,,,,,,,,,,,,,,,
Angel Inn,"55 Wakefield Road, Rothwell",LS26 0SF,Pub,Ardsley and Robin Hood,Y,LS26,21907,72373011,53.747997,-1.507937,428071,432547,Y,,,,,Glass,1,,3,,,"1,015",,951,,,,178,1408,114.19,2052,,,,,,,,,,,,,,,,,,,,,,,,,,
Armley Liberal Club,Armley Lodge Road,LS12 2AT,Social Club,Armley,,LS12,21907,72006069,53.79901,-1.587747,433713,427251,Y,,,,,Glass,,,,220,,,,,,,,,,,,,,,,,,,,,,,,,,,,,,,,,,,,,
ASDA - Adel,Holt Park,LS16 7RY,Shops,Adel and Wharfedale,,LS16,20457,72552152,53.856074,-1.606008,440055,426013,Y,Y,,,,"Glass, Paper",1,,,"20,337","18,874","16,934","16,934","21,295","16,984","16,060",17637,21154,24090,17392.8,20337,,,,,,,,,,,,,,,,,,,,,,,,,,
ASDA - Killingbeck,Killingbeck Drive,LS14 6UF,Shops,Killingbeck and Seacroft,,LS14,20459,72247070,53.806674,-1.476545,434614,434569,Y,,Y,Y,,"Glass, Textile, Small electrical appliances",1,,,"10,715","10,760","7,590","9,962","8,126","8,248","6,770",8923,9755,12385,8251.55,9497.72,,,,,,,,,,,,,,,,,,,,,,,,,,
ASDA - Kirkstall,385 Kirkstall Road,LS4 2EZ,Shops,Kirkstall,Y,LS4,22127,72565137,53.807124,-1.587181,434616,427283,Y,Y,Y,,,"Glass, Paper, Textile",1,,3,"8,671","3,145","3,264",,"3,097","3,512","3,409",3557,4810,4805,3635.42,4838,,,,,,,,,,,,,,,,,,,,,,,,,,
ASDA - Morley,"Howey Park Road, Morley",LS27 0BN,Shops,Morley South,,LS27,22529,72394479,53.735223,-1.61014,426608,425815,Y,Y,,,,"Glass, Paper",1,,,"16,015","13,552","11,460","13,266","10,547","10,262","9,664",11168,11650,13613,8749.12,11521.59,,,,,,,,,,,,,,,,,,,,,,,,,,
ASDA - Pudsey,"Owlcotes Shopping Centre, Stanningley By-Pass",LS28 6AR,Shops,Calverley and Farsley,,LS28,20456,72557455,53.803682,-1.671503,434204,421732,Y,Y,,,,"Glass, Paper",1,,,"19,925","16,739","13,851","18,335","14,410","13,202","11,056",12593,13240,18438,11080.09,13787.24,,,,,,,,,,,,,,,,,,,,,,,,,,
Back Vicars Road,Shepherds Lane,LS8 4LG,Road Side,Gipton and Harehills,Y,LS8,21912,72183877,53.815432,-1.52067,435568,431657,Y,,,,,Glass,1,,1,240,0,168,270,137,,,123,129,311,118.92,503.29,,,,,,,,,,,,,,,,,,,,,,,,,,
Bay Horse,"Woodhouse Hill Road, Hunslet",LS10 2DN,Pub,City and Hunslet,Y,LS10,21915,72548511,53.772257,-1.530382,430760,431049,Y,,,,,Glass,1,,1,783,551,,"1,451",365,752,,501,338,333,183.2,337.69,,,,,,,,,,,,,,,,,,,,,,,,,,
Beechwood WMC,Ramshead Drive,LS14 1BS,Social Club,Killingbeck and Seacroft,Y,LS14,21918,72539505,53.829393,-1.471582,437144,434877,Y,,,,,Glass,1,,1,499,,,,,666,,,,,,580.73,,,,,,,,,,,,,,,,,,,,,,,,,,
Beeston Hill Social Club (closed),130 Beeston Road,LS11 8BB,Social Club,Beeston and Holbeck,,LS11,21919,72563694,53.778065,-1.554506,431396,429455,Y,,,,,Glass,1,,3,205,,,619,262,153,,681,,665,0,,,,,,,,,,,,,,,,,,,,,,,,,,,
Bennett Road,Bennett Road,LS6 3BA,Road Side,Headingley,,LS6,,72572287,53.820496,-1.577445,436108,427915,,,Y,,,Textile,,,0,,,,,,,,,,,,,,,,,,,,,,,,,,,,,,,,,,,,,,
Belle Isle WMC,"Town Street, Middleton",LS10 3PE,Social Club,Middleton Park,Y,LS10,21920,72548580,53.754842,-1.527058,428824,431281,Y,,,,,Glass,1,,1,"3,871",760,"1,694","2,994","2,338","1,004","1,355",2237,1725,2969,1445,1075.83,,,,,,,,,,,,,,,,,,,,,,,,,,
Bingley Arms,"37 Church Lane, Bardsey",LS17 9DR,Pub,Harewood,,LS17,21922,72388698,53.881582,-1.448349,442962,436361,Y,,,,,Glass,1,,1,"2,433","3,450",711,"2,065","3,720","2,478",,3232,3932,2003,3657.53,1836.24,,,,,,,,,,,,,,,,,,,,,,,,,,
Bird in Hand,"Springmead Drive, Garforth",LS25 1JW,Pub,Garforth and Swillington,Y,LS25,21923,72316625,53.789438,-1.382648,432746,440769,Y,,,,,Glass,1,,1,,,,,,,,,606,358,0,,,,,,,,,,,,,,,,,,,,,,,,,,,
Black Bull Inn,"Commercial Street, Rothwell",LS26 0AX,Pub,Rothwell,Y,LS26,21924,72375654,53.748472,-1.475858,428139,434662,Y,,,,,Glass,1,,1,,504,,,341,,228,,178,684,272.05,0,,,,,,,,,,,,,,,,,,,,,,,,,,
Blands Arms,"Great North Road, Micklefield",LS25 4AQ,Pub,Kippax and Methley,Y,LS25,21925,72322081,53.79412,-1.32729,433300,444411,Y,,,,,Glass,1,,1,905,265,711,438,707,523,259,429,711,805,702.23,570.31,,,,,,,,,,,,,,,,,,,,,,,,,,
Boston Spa School,"Clifford Moor Road, Boston Spa",LS23 6RW,Educational Facility,Wetherby,Y,LS23,21963,72555408,53.900101,-1.361994,445070,442019,Y,,,,,Glass,1,,1,,,,,,,,,,,,,,,,,,,,,,,,,,,,,,,,,,,,,,
Brackenwood Community Centre,Brackenwood Drive,LS8 1RG,Pub,Roundhay,,LS8,22051,72560195,53.83801,-1.524616,438078,431380,Y,,,,,Glass,1,,1,,,,,87,,899,170,330,536,,514.21,,,,,,,,,,,,,,,,,,,,,,,,,,
Bramham Primary School,Bramham Road,LS23 6JQ,Educational Facility,Wetherby,Y,LS23,21926,72567765,53.887022,-1.35171,443621,442708,Y,,,,,Glass,1,,2,"1,991","3,201","2,318","3,223","3,074","1,252","2,289",2952,3109,3562,2108.7,3272.93,,,,,,,,,,,,,,,,,,,,,,,,,,
Bramley Band Club,Elswick Terrace,LS13 2BG,Social Club,Armley,Y,LS13,21927,72217864,53.808907,-1.623595,434801,424884,Y,,,,,Glass,1,,1,338,509,294,218,268,177,105,,464,281,227.42,,,,,,,,,,,,,,,,,,,,,,,,,,,
Bramley Social Club - Villagers,340 Broad Lane,LS13 2HF,Social Club,Bramley and Stanningley,Y,LS13,21929,72027824,53.816939,-1.631118,435692,424384,Y,,,,,Glass,1,,2,"1,759",764,"1,950","1,300",,"1,996","2,383",1742,1810,2708,2043.73,338,,,,,,,,,,,,,,,,,,,,,,,,,,
Bramley WMC,Elder Road,LS13 4BY,Social Club,Pudsey,Y,LS13,21930,72064109,53.804823,-1.631376,434344,424374,Y,,,,,Glass,1,,3,0,0,"1,088",279,,"1,355",,210,,652,0,646.16,,,,,,,,,,,,,,,,,,,,,,,,,,
British Legion Club,"Robin Lane, Pudsey",LS28 7BR,Social Club,Pudsey,Y,LS28,21933,72567612,53.794986,-1.660185,433240,422482,Y,,,,,Glass,1,,1,"1,393","1,847","1,097","1,606","1,173",770,"1,348",1804,1655,2345,1240.1,1393,,,,,,,,,,,,,,,,,,,,,,,,,,
British Lending Library,Thorpe Arch,LS23 7BQ,Business,Wetherby,Y,LS23,21934,72393710,53.919742,-1.32142,447280,444664,Y,,,,,Glass,1,,1,,,,,,,,,,443,,,,,,,,,,,,,,,,,,,,,,,,,,,,
British Oak Public House,"Westerton Road, East Ardsley",WF3 1AF,Pub,Ardsley and Robin Hood,Y ,WF3,21935,72370410,53.723972,-1.57625,425369,428058,Y,,,,,Glass,1,,1,"3,691","3,983","2,169","4,150",,"3,112","3,469",3223,,3618,3266.28,5305.44,,,,,,,,,,,,,,,,,,,,,,,,,,
Broadlea Hill Community Centre,"Broadlea Hill, Bramley",LS13 2SN,Community Centre,Bramley and Stanningley,Y,LS13 ,23186,72028337,53.817594,-1.618634,435769,435769,Y,,,,,,,,,,81,,325,,127,,181,185,144,0,0,,,,,,,,,,,,,,,,,,,,,,,,,,
Burley Road,Burley Road,LS4 2NZ,Road Side,Kirkstall,,LS4,,7259800,53.810572,-1.585043,435001,427417,,,Y,Y,,"Textile, Small Electrical Appliances",,,0,,,,,,,,,,,,,,,,,,,,,,,,,,,,,,,,,,,,,,
Bruntcliffe WMC,"Wakefield Road, Morley",LS27 0LQ,Social Club,Morley North,Y,LS27,21937,72349938,53.744021,-1.623599,427582,424922,Y,,,,,Glass,1,,1,726,,,,,781,,,272,0,,,,,,,,,,,,,,,,,,,,,,,,,,,,
Bulls Head Public House,20 St Matthews Street,LS11 9NR,Pub,Beeston and Holbeck,,LS11,21939,72643413,53.786237,-1.559838,432303,429098,Y,,,,,Glass,1,,3,615,373,,,630,230,,340,,332,290.89,,,,,,,,,,,,,,,,,,,,,,,,,,,
Car Park,Hyde Park Road Site 1,LS6 1PY,Car Park,Hyde Park and Woodhouse,,LS6,22188,72103767,53.806171,-1.5688884,434517,428489,,,,,,,,,,,,,,,,,,,,,,,,,,,,,,,,,,,,,,,,,,,,,,,
Bus Terminus,Sir George Martins Drive,LS16 8JE,Transport,Adel and Wharfedale,Y,LS16,21941,72256138,53.853396,-1.577072,439768,427918,Y,,,,,Glass,1,,4,"4,572","5,848","6,426","6,576","7,401","4,252","3,793",5662,6335,7635,4343.05,4572,,,,,,,,,,,,,,,,,,,,,,,,,,
Buzz Bingo formerly Gala Bingo,Stonebridge Lane,LS12 4QN,Business,Farnley and Wortley,Y,LS12,22016,72566622,53.792398,-1.613178,432968,425580,Y,,,,,Glass,1,,1,,565,544,558,,462,365,351,139,332,353.05,1042.25,,,,,,,,,,,,,,,,,,,,,,,,,,
Calverley Conservative Club,"Victoria Street, Calverley",LS28 5PT,Social Club,Calverley and Farsley,Y,LS28,21943,72272754,53.82743,-1.689123,436841,420560,Y,,,,,Glass,1,,1,"1,805","1,643","1,792","1,708","1,534","1,004","1,468",1678,1655,2345,1101.68,1805,,,,,,,,,,,,,,,,,,,,,,,,,,
Cardinal Court Residents Association,Cardinal Court,LS11 8HP,Community Centre,,,LS11,23138,72725099,53.764868,-1.570377,429921,428418,Y,,,,,Glass,1,,1,0,,,,238,,"1,187",,,723,69.14,0,,,,,,,,,,,,,,,,,,,,,,,,,,
Car Park,Hyde Park Road Site 1,LS6 1PY,Car Park,Hyde Park and Woodhouse,,LS6,22188,72103767,53.806171,-1.5688884,434517,428489,,,,,,,,,,,,,,,,,,678,,,,,,,,,,,,,,,,,,,,,,,,,,,,,
Caribbean Cricket Club / Scotthall Road,"Scott Hall Rd, Leeds",LS7 2HH,Social Club,Chapel Allerton,Y,LS7,22227,72566311,53.820315,-1.543927,436101,430122,Y,,,,,Glass,1,,1,0,,591,537,,262,236,,135,252,,0,,,,,,,,,,,,,,,,,,,,,,,,,,
Carlton WMC,"Main Street, Carlton",WF3 3RW,Social Club,Rothwell,Y ,WF3,21945,72567722,53.741007,-1.489339,427302,433779,Y,,,,,Glass,1,,2,894,475,"1,516",,562,852,,988,1116,,843.3,,,,,,,,,,,,,,,,,,,,,,,,,,,
Carpark,"Richardshaw Road, Stanningley",,Car Park,Pudsey,Y,LS28,22203,72567603,53.803623,-1.666614,434199,422054,Y,,,,,Glass,1,,1,,,,,,,,,,,,,,,,,,,,,,,,,,,,,,,,,,,,,,
Carr Mills,Buslingthorpe Lane,LS7 2DD,Student Accomodation,Chapel Allerton,,LS7,21946,72034088,53.815997,-1.54531,435620,430034,Y,,,,,Glass,1,,1,,,,,,,785,,,,,,,,,,,,,,,,,,,,,,,,,,,,,,,
Carriers Arms,"Glen Road, Morley",LS27 9HG,Pub,Morley South,Y,LS27,21947,72364795,53.739934,-1.596891,427137,426686,Y,,,,,Glass,1,,1,545,328,339,527,534,,677,594,408,712,,640,,,,,,,,,,,,,,,,,,,,,,,,,,
Chapel Allerton Tennis Sqush and GymClub ,Wensley Avenue,LS7 3QX,Leisure Centre,Chapel Allerton,,LS7,22075,72559687,53.829902,-1.540768,437169,430323,Y,,,,,Glass,1,,1,545,520,575,155,921,694,427,593,1098,900,499.82,671.06,,,,,,,,,,,,,,,,,,,,,,,,,,
Chapel Street Social Club,Chapel Street,LS15 7RN,Social Club,Temple Newsam,Y,LS15,21950,72562231,53.796769,-1.468257,433516,435123,Y,,,,,Glass,1,,3,761,"2,118","1,607","1,597","1,018","1,278","1,190",967,1155,2414,1931.15,1303.56,,,,,,,,,,,,,,,,,,,,,,,,,,
Chapeltown Housing Library,Reginald Terrace,LS7 3EX,Council Office,Chapel Allerton,Y,LS7,21951,72681718,53.81767,-1.531697,435812,430929,Y,,,,,Glass,1,,1,,439,337,,493,285,,320,,552,142.74,172.66,,,,,,,,,,,,,,,,,,,,,,,,,,
Charlie Bretts at The Allerton formely Leeds Seventeen,Nursery Lane,LS17 7HW,Restaurant,Alwoodley,,LS17,22079,72146612,53.852306,-1.544354,439660,430071,Y,,,,,Glass,1,,3,,"1,009","1,359",,,0,"1,337",2042,2002,3489,1527.65,2360.08,,,,,,,,,,,,,,,,,,,,,,,,,,
Chequers Inn,"Claypit Lane, Ledsham",LS25 5LP,Pub,Kippax and Methley,,LS25,21952,72393541,53.762153,-1.310796,429754,445532,Y,Y,,,,"Glass, Paper",1,,3,"1,543",,"2,010",,"1,365",983,"1,686",,690,1034,,758.82,,,,,,,,,,,,,,,,,,,,,,,,,,
Coach & Horses ,"71 Wakefield Road, Robin Hood ",LS26 0SF,Pub,Ardsley and Robin Hood,Y,LS26,21957,72373027,53.748778,-1.507761,428158,432558,Y,,,,,Glass,1,,1,,927,,610,707,406,"1,321",704,533,718,702.23,651.78,,,,,,,,,,,,,,,,,,,,,,,,,,
Cock Beck Inn,Pendas Way Seacroft,LS15 8LA,Pub,Cross Gates and Whinmoor,Y,LS15,21958,72538870,53.815535,-1.438417,435619,437072,Y,,,,,Glass,1,,1,504,"1,019","1,437",639,"2,150","1,056","1,129",1361,1937,2094,1722.82,2119.86,,,,,,,,,,,,,,,,,,,,,,,,,,
Cockshott Lane,opp Wyther Park Road,LS12 7RQ,Road Side,Armley,,LS12,21959,72050867,53.805101,-1.609456,434383,425817,Y,,,,,Glass,1,,1,"1,342","1,276",965,"1,174","1,005",624,921,699,1407,734,785.48,1342,,,,,,,,,,,,,,,,,,,,,,,,,,
College of Music,3 Quarry Hill,LS2 7PD,Educational Facility,City and Hunslet,Y,LS2,23125,72646165,53.797208,-1.532623,433535,430883,Y,,,,,Glass,1,,1,,621,,,,,,,,,,,,,,,,,,,,,,,,,,,,,,,,,,,,
Colton Sports & Social,School Lane,LS15 9HH,Sports Club,Temple Newsam,,LS15,21960,72245706,53.793078,-1.439461,433120,437023,Y,,,,,Glass,1,,1,303,,,648,,,582,,,673,,,,,,,,,,,,,,,,,,,,,,,,,,,,
Cookridge Hall (Esporta Sports Club),Cookridge Lane,LS16 7NL,Leisure Centre,Adel and Wharfedale,,LS16,21998,72655222,53.861768,-1.610166,440687,425736,Y,,,,,Glass,1,,1,277,110,,252,,,422,,,268,,277,,,,,,,,,,,,,,,,,,,,,,,,,,
Co-op Beeston   Super 'C',"Town Street, Beeston",LS11 8PN,Shops,Beeston and Holbeck,Y,LS11,22251,72652832,53.812206,-1.577867,435185,427893,Y,,,,,Glass,1,,5,,"5,051","4,854","5,015","4,427","3,728","3,528",3459,4555,4979,3702.46,4102.48,,,,,,,,,,,,,,,,,,,,,,,,,,
Co-op Burley Station,132 Cardigan Road,LS6 1LU,Shops,Headingley,Y,LS6,21965,72733326,53.812256,-1.576773,435191,427965,Y,,,,,Glass,1,,5,"3,394","6,591","7,944","4,669","6,595","2,123","5,485",3197,4838,6202,4595.64,6356.14,,,,,,,,,,,,,,,,,,,,,,,,,,
Co-op Kippax,"60 High Street, Kippax",LS25 7AB,Shops,Kippax and Methley,Y,LS25,21966,72324458,53.766349,-1.367619,430186,441782,Y,Y,,,,"Glass, Paper",1,,4,,"6,707","10,273","7,687","8,598","7,161","7,921",6962,16481,9142,7054.41,9197.3,,,,,,,,,,,,,,,,,,,,,,,,,,
Co-op School Lane,Stainbeck Lane,LS7 3PJ,Shops,Chapel Allerton,Y,LS7,21967,72737735,53.772444,-1.565809,430766,428714,Y,,,,,Glass,1,,4,"15,828","15,766","14,276","23,949","13,261","12,842","11,410",10810,,13254,11170.88,11205.61,,,,,,,,,,,,,,,,,,,,,,,,,,
Corner House Club,Lidgett Lane,LS17 6QE,Social Club,Moortown,Y,LS17,21968,72522938,53.841514,-1.533513,438464,430792,Y,,,,,Glass,1,,1,"4,895","1,955","2,862","4,027","3,375","3,470","2,843",3598,5859,3543,,4895,,,,,,,,,,,,,,,,,,,,,,,,,,
Corpus Christi Catholic Mens Club,Halton Moor Avenue,LS9 0HD,Social Club,Temple Newsam,,LS9,21969,72560923,53.798579,-1.483356,433710,434127,Y,,,,,Glass,1,,3,348,665,0,551,365,379,347,,508,667,337.32,486,,,,,,,,,,,,,,,,,,,,,,,,,,
Cottingley Shops Car Park,Cottingley Vale,LS11 0JY,Shops,Beeston and Holbeck,,LS11,22317,72254886,53.769092,-1.583685,430386,427538,Y,,,,,Glass,,,,0,,,619,349,,321,,369,,566.51,,,,,,,,,,,,,,,,,,,,,,,,,,,
Cricketers Arms,"The Green, Seacroft",LS14 6JW,Pub,Killingbeck and Seacroft,Y,LS14,21975,72210056,53.819923,-1.460293,436096,435628,Y,,,,,Glass,1,,1,871,227,0,558,443,581,285,441,165,336,258.62,708.85,,,,,,,,,,,,,,,,,,,,,,,,,,
Crossgates & Dist. Rec Hall,"Poplar Avenue, Crossgates",LS15 8ED,Social Club,Cross Gates and Whinmoor,Y,LS15,21976,72159210,53.806648,-1.446584,434626,436542,Y,,,,,Glass,1,,3,"1,413","1,954",,601,"4,903",,"1,190",2187,,1309,,1928.32,,,,,,,,,,,,,,,,,,,,,,,,,,
Crossgates Shopping Centre,Station Road,LS15 8DU,,,,,21977,72650983,,,,,,,,,,,,,,,,,,,,,,,,,,,,,,,,,,,,,,,,,,,,,,,,,,,
Crossgates WMC,Orchard Road,LS15 7LP,Social Club,Killingbeck and Seacroft,,LS15,21978,72150534,53.805862,-1.455524,434534,435954,Y,,,,,Glass,1,,3,504,0,,889,273,,0,,817,109,342.58,,,,,,,,,,,,,,,,,,,,,,,,,,,
Crusader Public House,"Long Meadow Gate, Garforth ",LS25 2BY,Pub,Garforth and Swillington,Y,LS25,21980,72314954,53.783566,-1.378652,432095,441038,Y,Y,,,,"Glass, Paper",1,,3,"3,587","5,705","7,319","4,513","7,110","4,240","5,001",4449,5016,6279,4572.65,5696.43,,,,,,,,,,,,,,,,,,,,,,,,,,
Deepdale Community Centre,"Deepdale Lane, Boston Spa",LS23 6EH,Childrens Centre,Wetherby,Y,LS23,21981,72651236,53.907551,-1.356826,445902,442351,Y,,,,,Glass,1,,1,"2,830","5,659","4,287","4,537","6,598","4,291","4,452",6321,5761,6889,4634.58,2517.43,,,,,,,,,,,,,,,,,,,,,,,,,,
Devon Hotel,Kingswear Crescent,LS15 8LR,Pub,Cross Gates and Whinmoor,Y,LS15,21982,72111147,53.80243,-1.444119,434158,436708,Y,,,,,Glass,1,,3,381,"4,229",804,"4,298","4,827","1,761","2,297",2390,3302,1449,,2085.13,,,,,,,,,,,,,,,,,,,,,,,,,,
Devonshire Hall,Cumberland Rd,LS6 2EQ,Business,Headingley,,LS6,23142,72055042,53.818326,-1.565614,435871,428696,Y,,,,,Glass,1,,,,,,0,,,,,,530,,0,,,,,,,,,,,,,,,,,,,,,,,,,,
Dewsbury Rd Social Club,Dewsbury Road,LS11 5LR,Social Club,Beeston and Holbeck,,LS11,21983,72532349,53.770104,-1.550312,430512,429737,Y,,,,,Glass,1,,1,410,,368,,524,,,510,,795,76.06,,,,,,,,,,,,,,,,,,,,,,,,,,,
Drighlington Cricket Club,Station Road,BD11 1JU,Sports Club,Morley North,Y,BD11,21985,72547352,53.755411,-1.663447,428836,422288,Y,Y,,,,"Glass, Paper",1,,3,"5,161","4,795","3,837","5,621","4,630","3,413","3,875",4803,5512,3413,3615.81,5970.93,,,,,,,,,,,,,,,,,,,,,,,,,,
Driglington Tempest Club,Bradford Road,BD11 1AB,Social Club,Morley North,,BD11,22332,72352819,53.75745,-1.663112,429063,422309,Y,Y,,,,"Glass, Paper",,,,,665,,629,,,680,0,545,0,541,,,,,,,,,,,,,,,,,,,,,,,,,,,
Duke Of Wellington,"Main Street, East Keswick",LS17 9DB,Pub,Harewood,Y,LS17,21987,72389346,53.892047,-1.451072,444125,436173,Y,,,,,Glass,1,,1,"1,007","2,082","1,270","1,331","1,611","1,363",974,1129,1574,1424,1378.79,1147.28,,,,,,,,,,,,,,,,,,,,,,,,,,
East & West Ardsley WMC (closed),"Bradford Road, East Ardsley",WF3 2EP,Social Club,Ardsley and Robin Hood,Y ,WF3,21988,72546324,53.727642,-1.552296,425787,429636,Y,,,,,Glass,1,,3,"3,742","3,433","1,559","1,620","2,979","2,007","3,042",2172,2891,2913,2480.94,2253.88,,,,,,,,,,,,,,,,,,,,,,,,,,
East End Park WMC (closed),15 Vinery Avenue ,LS9 9LX,Social Club,Burmantofts and Richmond Hill,Y,LS9,21990,72561691,53.796132,-1.510744,433425,432325,Y,,,,,Glass,1,,2,892,"1,310","1,016","1,055","1,440",368,"1,645",874,526,2089,,1046.94,,,,,,,,,,,,,,,,,,,,,,,,,,
East Keswick Village Hall,"School Lane, East Keswick",LS17 9DA,Business,Harewood,Y,LS17,,72389414,53.893829,-1.449648,444324,436265,,Y,,,,Paper,1,,1,,,,,,,,,,,,,,,,,,,,,,,,,,,,,,,,,,,,,,
East Leeds Community Sports Club,Easy Road,LS9 8QS,Sports Club,Burmantofts and Richmond Hill,Y,LS9,21993,72062721,53.791381,-1.518374,432893,431826,Y,,,,,Glass,1,,1,710,,0,550,,167,,335,,356,87.78,,,,,,,,,,,,,,,,,,,,,,,,,,,
East Leeds Cricket Club,Pontefract Lane,LS9 0PT,Sports Club,Burmantofts and Richmond Hill,,LS9,21991,72565932,53.790231,-1.511753,432768,432263,Y,,,,,Glass,1,,1,2,,,,,,589,,,,,,,,,,,,,,,,,,,,,,,,,,,,,,,
East Leeds Snooker C,Sandleas Way,LS15 7AF,Sports Club,Cross Gates and Whinmoor,Y,LS15,21992,72178034,53.808708,-1.429792,434864,437646,Y,,,,,Glass,1,,1,202,488,,,,651,,0,561,,,625.57,,,,,,,,,,,,,,,,,,,,,,,,,,
Easterley Cross,Off St Wilfreds Ave,LS8 3PB,Road Side,Gipton and Harehills,,LS8,22959,72061576,53.816255,-1.507337,435665,432534,Y,,,,,Glass,,,,,,670,344,,293,173,329,293,,366.41,193.84,,,,,,,,,,,,,,,,,,,,,,,,,,
Easterly Mount,Gipton,LS8 3PH,Road Side,Gipton and Harehills,,LS8,21994,72195894,53.817053,-1.505698,435755,432641,Y,,,,,Glass,1,,1,695,,760,688,,586,196,659,,,732.82,387.68,,,,,,,,,,,,,,,,,,,,,,,,,,
Echem,147 Kirkstall Road,LS3 1JN,Business,Armley,Y,LS3,22331,72112771,53.802497,-1.572149,434107,428276,Y,,,,,Glass,1,,1,,,,,,396,,,,,,,,,,,,,,,,,,,,,,,,,,,,,,,,
Edmund House Club,Pontefract Lane,LS9 8QJ,Social Club,Burmantofts and Richmond Hill,Y,LS9,21995,72538936,53.792032,-1.514814,432967,432060,Y,,,,,Glass,1,,1,0,722,424,,,560,890,,526,667,,337.69,,,,,,,,,,,,,,,,,,,,,,,,,,
Edward 7th WMC,"65 Leeds Road, Allerton Bywater",WF10 2HE,Social Club,Kippax and Methley,Y,WF10,21996,72322947,53.752401,-1.383449,428625,440752,Y,,,,,Glass,1,,1,0,,"1,722",376,795,"1,083",913,1656,1027,1775,1279.35,714.94,,,,,,,,,,,,,,,,,,,,,,,,,,
Eldon Court,St Marks Road,LS2 9EG,Road Side,Hyde Park and Woodhouse,,LS2,22200,72725497,53.812286,-1.555302,435203,429379,Y,,,,,Glass,1,,1,,555,613,405,171,285,,545,456,492,248.28,0,,,,,,,,,,,,,,,,,,,,,,,,,,
Falconers Rest Public House,"Thorpe Lane, Middleton.",LS10 4EP,Pub,Ardsley and Robin Hood,Y,LS10,22002,72566749,53.738591,-1.543144,427009,430232,Y,,,,,Glass,1,,1,783,380,254,550,,936,333,668,146,1333,847.41,782.42,,,,,,,,,,,,,,,,,,,,,,,,,,
Farsley Celtic AFC,Throstle Nest,LS28 5AY,Sports Club,Calverley and Farsley,Y,LS28,22005,72275092,53.80962,-1.664091,434867,422217,Y,,,,,Glass,1,,1,592,0,634,375,792,289,999,1424,642,4088,1119.06,592,,,,,,,,,,,,,,,,,,,,,,,,,,
Farsley Celtic AFC Car Park,"Newlands, Farsley, Pudsey",LS28 5BE,Sports Club,Calverley and Farsley,Y,LS28,22006,72275092,53.80962,-1.664091,434867,422217,Y,,,,,Glass,1,,1,"1,558","1,500","1,193","1,269",969,579,268,,,,,485,,,,,,,,,,,,,,,,,,,,,,,,,,
Farsley Cricket Club,"The Pavillion, Red Lane, Farlsey ",LS28 5JE,Sports Club,Calverley and Farsley,,LS28,22970,72275499,53.813997,-1.677057,435350,421361,Y,,,,,Glass,1,,1,,,716,,,,869,,,719,,,,,,,,,,,,,,,,,,,,,,,,,,,,
Farsley WMC,"School Sreet off Wesley Street, Farsley",LS28 5EU,Social Club,Calverley and Farsley,Y,LS28,22007,72273773,53.812369,-1.670022,435171,421825,Y,,,,,Glass,1,,1,846,"1,064",861,"1,071",763,792,838,486,1001,1124,2027.37,846,,,,,,,,,,,,,,,,,,,,,,,,,,
Fearnville Leisure Centre,"Oakwood Lane, Fearnville",LS8 3LF,Leisure Centre,Gipton and Harehills,Y,LS8,22008,72148595,53.815112,-1.488575,435547,433770,Y,,,,,Glass,1,,3,"4,017","1,365","1,601","1,897","1,230","1,464","2,157",1726,1459,2442,1375.54,892.18,,,,,,,,,,,,,,,,,,,,,,,,,,
Fisherman's Car Park,Weetwood Lane ,LS16 5LT,Restaurant,Weetwood,Y,LS16,21938,72224560,53.828198,-1.582437,436962,427582,Y,Y,,,,"Glass, Paper",1,,1,"2,101","1,381","1,324","3,222","2,050","1,633","1,416",1568,1451,,1794.04,2101,,,,,,,,,,,,,,,,,,,,,,,,,,
Football World Leeds,Pontefract Lane,LS9 0RA,Business,Burmantofts and Richmond Hill,,LS9,22011,72672526,53.785803,-1.505977,432278,432647,Y,,,,,Glass,1,,1,8,,,,,,539,,,,,,,,,,,,,,,,,,,,,,,,,,,,,,,
Fox & Hound,"Hall Park Road, Walton, Wetherby",LS23 7DQ,Pub,Wetherby,Y,LS23,22012,72393838,53.924192,-1.326404,447772,444332,Y,Y,,,,"Glass, Paper",1,,1,0,0,480,0,308,,,304,,0,,5524,,,,,,,,,,,,,,,,,,,,,,,,,,
"Fox & Hounds, Bramhope, Public car park","Old Lane, Bramhope",LS16 9AX,,Adel and Wharfedale,Y,LS16,22013,72346130,53.885381,-1.624689,443309,424767,Y,,,,,Glass,1,,5,"5,524","6,872","7,979","6,579","7,515","7,330","4,954",7800,10805,10272,5896.58,5685.83,,,,,,,,,,,,,,,,,,,,,,,,,,
Fox and Grapes,"124 Smalewell Road, Pudsey",LS28 8HU,Pub,Pudsey,Y,LS28,22014,72391238,53.851198,-1.391727,439612,440112,Y,,,,,Glass,1,,1,308,,380,,418,253,160,,452,339,145.44,214.58,,,,,,,,,,,,,,,,,,,,,,,,,,
Fox Inn,"Main Street, Thorner",LS14 3DX,Pub,Harewood,Y,LS14,22015,72385674,53.8573,-1.428067,440271,437716,Y,,,,,Glass,1,,1,190,939,480,321,454,,683,476,318,411,536.55,,,,,,,,,,,,,,,,,,,,,,,,,,,
Gaping Goose Public House,"41 Selby Road, Garforth",LS25 1LR,Hotel,Garforth and Swillington,Y,LS25,22018,72314899,53.787068,-1.399182,432473,439682,Y,,,,,Glass,1,,1,343,353,,657,697,,304,264,431,358,185.42,,,,,,,,,,,,,,,,,,,,,,,,,,,
Gardeners Arms,"Wide Lane, Morley",LS27 8SU,Pub,Morley South,,LS27,22019,72366983,53.746755,-1.580707,427902,427749,Y,,,,,Glass,1,,1,"1,881",819,934,"1,456","1,155","1,425","1,056",929,1873,1398,883.29,1619.87,,,,,,,,,,,,,,,,,,,,,,,,,,
Gardeners Arms Public House,"383 Leeds Road, Lofthouse",WF3 3QE,Pub,Ardsley and Robin Hood,Y ,WF3,22020,72700363,53.7355,-1.504869,426682,432759,Y,,,,,Glass,1,,2,0,405,,355,,,85,,526,0,252.99,,,,,,,,,,,,,,,,,,,,,,,,,,,
Garforth Country Club,"19 Aberford Road, Garforth",LS25 1PZ,Social Club,Garforth and Swillington,Y,LS25,22021,72527225,53.796956,-1.385164,433581,440596,Y,,,,,Glass,1,,1,822,355,,766,512,523,431,786,0,0,556.27,387.16,,,,,,,,,,,,,,,,,,,,,,,,,,
Garforth Cricket Club,"Church Lane, Garforth",LS25 1PE,Sports Club,Garforth and Swillington,Y,LS25,22022,72314295,53.792869,-1.385649,433126,440568,Y,,,,,Glass,1,,1,171,,677,,426,,,,533,0,,488.83,,,,,,,,,,,,,,,,,,,,,,,,,,
Garforth Golf Club ,"Long Lane, Garforth",LS25 2DS,Sports Club,Harewood,Y,LS25,22023,72536177,53.812756,-1.388441,435337,440365,Y,,,,,Glass,1,,1,0,,0,,707,,381,,355,513,,,,,,,,,,,,,,,,,,,,,,,,,,,,
Garforth Leisure Centre,"Ninelands Lane, Garforth",LS25 1NX,Leisure Centre,Garforth and Swillington,Y,LS25,22024,72555715,53.791432,-1.37553,432972,441236,Y,,,,,Glass,1,,3,"2,214","2,509","1,972","2,391","2,103","1,282","1,471",871,797,3442,2191.63,2027.83,,,,,,,,,,,,,,,,,,,,,,,,,,
Garforth WMC,"Barley Hill Road, Garforth ",LS25 1AU,Social Club,Garforth and Swillington,Y,LS25,22025,72528293,53.792131,-1.394358,433039,439995,Y,,,,,Glass,1,,1,491,504,356,319,550,633,710,486,518,834,1046.54,325.89,,,,,,,,,,,,,,,,,,,,,,,,,,
Gathorne Terrace,Roundhay Road,LS8 5EZ,Road Side,Chapel Allerton,Y,LS8,22026,72635865,53.811484,-1.523817,435127,431452,Y,,,,,Glass,1,,1,0,390,600,345,615,292,362,,209,310,237.85,197.88,,,,,,,,,,,,,,,,,,,,,,,,,,
Gildersome Cricket Club,"Street Lane, Gildersome",LS27 7HX,Sports Club,Morley North,,LS27,22030,72356000,53.75258,-1.635105,428530,424158,Y,,,,,Glass,1,,1,,,,,319,,,,,676,,,,,,,,,,,,,,,,,,,,,,,,,,,,
Gildersome Meeting Hall (next to library),Town Street,LS27 7AB,Business,Morley North,,LS27,,72356280,53.757995,-1.628677,429135,424579,,Y,,,,Paper,,,0,,,,,,,,,,,,,,,,,,,,,,,,,,,,,,,,,,,,,,
Gipton WMC,Coldcotes Circus,LS9 6QE,Social Club,Gipton and Harehills,,LS9,22031,72541103,53.808259,-1.493989,434782,433419,Y,,,,,Glass,1,,3,,,424,,562,,589,373,338,356,,566.94,,,,,,,,,,,,,,,,,,,,,,,,,,
Glossop View,Glossop View,LS6 2LL,Road Side,Headingley,,LS6,,72092425,53.816636,-1.553000,435688,429527,,,Y,,,Textile,,,0,,,,,,,,,,,,,,,,,,,,,,,,,,,,,,,,,,,,,,
Gledhow Bus Terminus (ex gledhow towers),Lincombe Drive,LS8 1RG,Road Side,Roundhay,Y,LS8,22032,72636036,53.832056,-1.52593,437415,431298,Y,,,,,Glass,1,,1,896,493,"1,335",517,678,888,"1,981",628,2164,1360,1225.6,1287.5,,,,,,,,,,,,,,,,,,,,,,,,,,
Golden Acre Car Park 1,"Arthington Road, Bramhope",LS16 8BQ,Car Park,Adel and Wharfedale,Y,LS16,22034,72152281,53.871478,-1.592083,441774,426919,Y,,,,,Glass,1,,3,,"1,864","1,722","1,302","1,198","1,170","2,932",1361,2255,2186,1225.6,1982.93,,,,,,,,,,,,,,,,,,,,,,,,,,
Golden Acre Car Park 2,Otley Road,LS16 9JX,Car Park,Adel and Wharfedale,Y,LS16,22035,72152281,53.871478,-1.592083,441774,426919,Y,,,,,Glass,1,,3,"1,449","1,451","1,683","1,563","1,451",819,"1,432",658,1298,,1021.26,755,,,,,,,,,,,,,,,,,,,,,,,,,,
Golden Lion,Beeston Road,LS11 8RP,Pub,Beeston and Holbeck,Y,LS11,22037,72018326,53.783744,-1.551699,432029,429636,Y,,,,,Glass,1,,1,321,,423,,412,,164,,,570,,252.59,,,,,,,,,,,,,,,,,,,,,,,,,,
Grand Indian Lounge,"40 Wakefield Road, Swillington",LS26 8DJ,Restaurant,Garforth and Swillington,Y,LS26,22254,72330038,53.767576,-1.419957,430293,438331,Y,,,,,Glass,1,,1,573,"1,307","1,045",639,"1,230",345,803,954,1525,513,604.5,625.57,,,,,,,,,,,,,,,,,,,,,,,,,,
Grange Park Sports Club,"Grange Park, Old Boston Road",LS22 5DY,Sports Club,Wetherby,Y,LS22,22356,72685905,53.916968,-1.371633,446941,441369,Y,,,,,Glass,1,,1,,,0,,,,,,318,0,,,,,,,,,,,,,,,,,,,,,,,,,,,,
Great Preston Snooker Club (former Miners Welfair Club),"Berry Lane, Great Preston",LS26 8AX,Social Club,Garforth and Swillington,Y,LS26,22040,72328130,53.760999,-1.3898,429578,440325,Y,,,,,Glass,1,,3,"1,973",913,"1,775",150,"1,876",913,"1,748",261,1053,1540,1424.02,536.2,,,,,,,,,,,,,,,,,,,,,,,,,,
Gusto's Restaurant,151 Otley Old Road,LS16 6HN,Restaurant,Weetwood,Y,LS16,21999,72151145,53.845417,-1.601274,438871,426331,Y,,,,,Glass,1,,2,"5,627","4,985","5,033","4,423","7,004","5,488","4,467",4930,6761,7365,5538.26,5627,,,,,,,,,,,,,,,,,,,,,,,,,,
Halfway House Public House,"452 Leeds Road, Robin Hood",WF3 3AB,Pub,Ardsley and Robin Hood,Y ,WF3,22041,72372009,53.741077,-1.508063,427301,432544,Y,,,,,Glass,1,,1,"1,180",,,,,,,,,,,,,,,,,,,,,,,,,,,,,,,,,,,,,
Harehills Labour Club,Florence Street,LS9 7BX,Social Club,Gipton and Harehills,Y,LS9,22043,72071449,53.808361,-1.511938,434785,432237,Y,,,,,Glass,1,,1,695,655,,,562,373,510,165,508,394,168.66,497,,,,,,,,,,,,,,,,,,,,,,,,,,
Harewood Village Hall,Church Lane,LS17 9LJ,Business,Harewood,Y,LS17,22278,72387617,53.902591,-1.513808,445268,432042,Y,,,,,Glass,1,,3,"1,008",,,"1,207","1,779",508,,632,1872,2642,1521.13,,,,,,,,,,,,,,,,,,,,,,,,,,,
Hawksworth Wood Conservative Club,Cragside Walk,LS5 3LX,Social Club,Kirkstall,Y,LS5,22047,72051298,53.829731,-1.620339,437119,425086,Y,,,,,Glass,1,,3,920,"1,529","1,010","1,925","1,388",877,460,510,491,1843,912.68,1518.62,,,,,,,,,,,,,,,,,,,,,,,,,,
Headingley Taps Public House,"North Lane, Headingley",LS6 3HN,Pub,Headingley,,LS6,22049,72565717,53.820562,-1.579651,436114,427770,Y,Y,Y,Y,,"Glass, Paper, Textile, Small Electrical Appliances",1,,3,"2,780","3,465","3,759","3,406","2,852","2,665",,3186,4346,3082,3479.93,2780,,,,,,,,,,,,,,,,,,,,,,,,,,
Highways Office,Middleton Ringroad,LS10 4AX,Council Office,Middleton Park,,LS10,22050,72674864,53.746467,-1.536856,427888,430641,Y,,,,,Glass,1,,1,,,,,,,,,,,,,,,,,,,,,,,,,,,,,,,,,,,,,,
Hinsley Hall,62 Headingley Lane,LS6 2BX,Hotel,Headingley,,LS6,22052,72662567,53.819674,-1.570045,436019,428403,Y,,,,,Glass,1,,1,,,567,,,458,,593,,518,,267.77,,,,,,,,,,,,,,,,,,,,,,,,,,
HMYOI Wetherby,"(nr prison maingate) York Road, Wetherby",LS22 5ED,Prison,Wetherby,,LS22,22993,72555064,53.935248,-1.367809,448977,441602,Y,,,,,Glass,1,,1,,,,"1,093",,,,,,,,,,,,,,,,,,,,,,,,,,,,,,,,,,
Holbeck Community Centre,"90A Elland Road, Holbeck", LS11 0AB,Community Centre,Beeston and Holbeck,,LS11,23141,72548760,53.781479,-1.561716,431773,428978,Y,,,,,Glass,1,,1,,,656,,159,,292,,,,171.67,0,,,,,,,,,,,,,,,,,,,,,,,,,,
Holbeck WMC,"3 Jenkinson Lawn, Holbeck",LS11 9QX,Pub,Beeston & Holbeck,,LS11,23159,72740058,53.785324,-1.555106,432203,429440,Y,,,,,Glass,1,,,615,,721,,547,707,321,,660,398,152.11,827,,,,,,,,,,,,,,,,,,,,,,,,,,
Holiday Inn,"Wakefield Road, Garforth",LS25 1LH,Hotel,Garforth and Swillington,Y,LS25,22053,72329956,53.785244,-1.404626,432267,439325,Y,,,,,Glass,1,,2,663,,"1,140",0,0,"1,395",913,352,1036,537,185.42,387.16,,,,,,,,,,,,,,,,,,,,,,,,,,
Horsforth Cricket Club,"King Georges Playing Field, Brownberrie Lane, Horseforth",LS18 5SB,Sports Club,Horsforth,Y,LS18,22057,72553164,53.846754,-1.637406,439007,423953,Y,,,,,Glass,1,,1,,673,906,690,579,233,924,314,472,888,274.78,695.04,,,,,,,,,,,,,,,,,,,,,,,,,,
Hunslet Carr Sports & Social,Moor Road,LS10 2JJ,Social Club,City and Hunslet,Y,LS10,22059,72548455,53.772012,-1.532266,430732,430925,Y,,,,,Glass,1,,3,,"1,103",,,340,,694,,677,,,640,,,,,,,,,,,,,,,,,,,,,,,,,,
Hunslet Green Community Sports Club,"The Oval, Hunslet",LS10 2AT,Sports Club,City and Hunslet,Y,LS10,22058,72548513,53.779373,-1.532093,431551,430931,Y,,,,,Glass,1,,3,605,0,,,0,,,373,,0,,,,,,,,,,,,,,,,,,,,,,,,,,,,
HWSS Ellar Ghyll,"Bradford Road, Otley",LS21 3DN,HWSS,Otley and Yeadon,Y,LS21,22064 / 66,72554769,53.896333,-1.730111,444496,417833,Y,Y,Y,Y,,"Glass, Paper, Textile, Shoes, Books, Small Electrical Appliances",1,,6,"16,491","12,992","12,418","19,932","14,410","13,512","13,908",10662,22786,19188,11070.91,17204.71,,,,,,,,,,,,,,,,,,,,,,,,,,
HWSS Kirkstall,Kirkstall Road,LS4 2HR,HWSS,Kirkstall,Y,LS4,22062,72168115,53.806303,-1.584799,434526,427440,Y,Y,Y,Y,,"Glass, Paper, Textile, Shoes, Books, Small Electrical Appliances",1,,4,,,,,,,,,,,,,,,,,,,,,,,,,,,,,,,,,,,,,,
HWSS Meanwood,Meanwood Road,LS7 2LP,HWSS,Chapel Allerton,Y,LS7,22985,72130391,53.819615,-1.55364,436019,429483,Y,Y,Y,Y,,"Glass, Paper, Textile, Shoes, Books, Small Electrical Appliances",1,,10,"26,269","24,783","22,271","23,371","23,071","16,370","18,696",17023,21095,29159,17142.76,26069,,,,,,,,,,,,,,,,,,,,,,,,,,
HWSS Middleton,"Holmewell Road, Middleton",LS10 4TQ,HWSS,Middleton Park,Y,LS10,22063,72568081,53.748932,-1.528682,428166,431178,Y,Y,Y,Y,,"Glass, Paper, Textile, Shoes, Books, Small Electrical Appliances",1,,7,"18,911","14,705","11,810","17,169","15,038","13,319","11,191",15016,18263,17650,12913.49,13726.53,,,,,,,,,,,,,,,,,,,,,,,,,,
HWSS Pudsey Grangefield,Richardshaw Road,LS28 6LG,HWSS,Calverley and Farsley,Y,LS28,22060,72394172,53.804812,-1.654745,434335,422835,Y,Y,Y,Y,,"Glass, Paper, Textile, Shoes, Books, Small Electrical Appliances",1,,3,"13,906","9,587","10,602",,"13,684","12,056","5,516",12098,10191,16568,9111.41,13906.48,,,,,,,,,,,,,,,,,,,,,,,,,,
HWSS Seacroft,Limewood Approach,LS14 1LU,HWSS,Killingbeck and Seacroft,Y,LS14,22228,72119915,53.827845,-1.465084,436975,435306,Y,Y,Y,Y,,"Glass, Paper, Textile, Shoes, Books, Small Electrical Appliances",1,,6,"22,894","15,059","17,090","24,165","21,053","18,946","17,449",17152,27174,28026,18743.41,22894.17,,,,,,,,,,,,,,,,,,,,,,,,,,
HWSS Thorp Arch,Thorp Arch Trading Estate,LS23 7BJ,HWSS,Wetherby,Y,LS23,22065,72651978,53.905913,-1.318889,445743,444845,Y,Y,Y,Y,,"Glass, Paper, Textile, Shoes, Books, Small Electrical Appliances",1,,5,,"14,658","9,315","12,680","13,382","10,609","9,027",10423,14012,16609,420.51,,,,,,,,,,,,,,,,,,,,,,,,,,,
HWSS Yeadon,Milner Road,LS19 7JE,HWSS,Guiseley and Rawdon,Y,LS19,22066,72524755,53.865496,-1.703174,441072,419617,Y,Y,Y,Y,,"Glass, Paper, Textile, Shoes, Books, Small Electrical Appliances",1,,4,"25,463","20,418","21,250","27,689","24,982","20,938","25,483",15950,32958,29572,19537.73,25463.14,,,,,,,,,,,,,,,,,,,,,,,,,,
"Hyde Park Car Park, Site 2",Woodhouse Lane,LS6 1AQ,Car Park,Hyde Park and Woodhouse,Y,LS6,22354,72136753,53.814328,-1.561478,435428,428971,Y,Y,,,,"Glass, Paper",1,,2,524,,"1,617",0,171,923,604,,1398,662,662.25,1232.51,,,,,,,,,,,,,,,,,,,,,,,,,,
Hyde Park Centre,Hyde Park,,Road Side,Hyde Park and Woodhouse,,LS6,23106,,53.811696,-1.560086,435135,429064,Y,,,,,Glass,1,,2,299,"1,298",,,,,,,,,,485.85,,,,,,,,,,,,,,,,,,,,,,,,,,
"Hyde Park Centre, Site 5","Hyde Park, Band Stand",LS6 1,Park,Hyde Park and Woodhouse,,LS6,22574,,53.810885,-1.560983,435045,429006,Y,,,,,Glass,1,,2,"1,152",,,,872,,,,,,,,,,,,,,,,,,,,,,,,,,,,,,,,,
"Hyde Park Pathway, Site 4","Hyde Park, Hyde Park Rd",LS6 1SJ,Road Side,Hyde Park and Woodhouse,Y,LS6,22305,72175654,53.812404,-1.563674,435213,428827,Y,Y,,,,Glass,1,,3,2,113,"3,620","1,025","1,085",955,"1,306",1815,1554,1621,1886.78,1359,,,,,,,,,,,,,,,,,,,,,,,,,,
"Hyde Park Roadside, Site 3",Hyde Park Road Side,LS6 1AG,Road Side,Hyde Park and Woodhouse,Y,LS6,22187,72136753,53.814317,-1.561899,435426,428943,Y,,Y,,,"Glass, Textile",1,,1,"1,584","1,477","1,439",711,305,747,"1,082",682,915,632,1012.05,1584,,,,,,,,,,,,,,,,,,,,,,,,,,
Ings Hotel,Ings Lane,LS20 9HR,Pub,Guiseley and Rawdon,,LS20,22068,72293019,53.881733,-1.720514,442874,418470,Y,,,,,Glass,1,,1,,653,646,,435,,315,710,655,1291,304.23,719.03,,,,,,,,,,,,,,,,,,,,,,,,,,
ITV Yorkshire,"Television House, 106 Kirkstall Road",LS3 1JS,Business,Armley,Y,LS3,22311,72112762,53.803145,-1.569971,434180,428419,Y,,,,,Glass,1,,3,,,,,87,,,,381,,145.44,,,,,,,,,,,,,,,,,,,,,,,,,,,
John Smeaton Sports,Smeaton Approach,LS15 8TA,Leisure Centre,Cross Gates and Whinmoor,Y,LS15,22070,72187384,53.81337,-1.432994,435381,437431,Y,,,,,Glass,1,,1,403,"1,916",901,301,"2,681",879,964,1334,1764,655,,1303.56,,,,,,,,,,,,,,,,,,,,,,,,,,
Kings Arms Public House,"Greenside, Pudsey",LS28 8PU,Pub,Pudsey,Y,LS28,22071,72283239,53.79163,-1.672128,432863,421697,Y,,,,,Glass,1,,1,"1,171","1,642","1,136","1,135",685,"1,188","1,844",1309,822,1723,,508,,,,,,,,,,,,,,,,,,,,,,,,,,
Kippax Ex Service Social Club,"Church Lane, Kippax",LS25 7HF,Social Club,Kippax and Methley,Y,LS25,22072,72555962,53.767271,-1.370275,430287,441606,Y,,,,,Glass,1,,3,,"1,999","6,483","1,574",,,776,1059,,1433,1876.39,1026,,,,,,,,,,,,,,,,,,,,,,,,,,
Kippax WMC,"Back Lane, Kippax",LS25 7QB,Social Club,Kippax and Methley,Y,LS25,22073,72324156,53.766402,-1.365752,430193,441905,Y,,,,,Glass,1,,3,,"1,999",,451,,"1,552",,,,,351.12,,,,,,,,,,,,,,,,,,,,,,,,,,,
Kirkstall Leisure,"Kirkstall Lane, Kirkstall Road",LS5 3BE,Leisure Centre,Kirkstall,Y,LS5,22074,72558232,53.816404,-1.601626,435643,426326,Y,Y,,,,"Glass, Paper",1,,1,,,,450,,,,,95,,453.05,566.94,,,,,,,,,,,,,,,,,,,,,,,,,,
Layby,British Library,LS23 7BQ,Road Side,Wetherby,Y,LS23,22076,72672979,53.920219,-1.32549,447331,444396,Y,Y,,,,"Glass, Paper",1,,1,"1,286","1,777","1,376","1,470","1,855",963,"1,178",1729,1113,2106,1312.31,1594.43,,,,,,,,,,,,,,,,,,,,,,,,,,
Layby,Pool Road,LS21 1DY,Road Side,Adel and Wharfedale,Y,LS21,22207,72344958,53.907623,-1.658638,445772,422524,Y,,,,,Glass,1,,1,"1,919","1,280","1,695","2,094","1,521","1,288","1,089",1191,1770,1209,1510.62,1918.96,,,,,,,,,,,,,,,,,,,,,,,,,,
Layby,"Out Gang Lane, Bramley",LS13 2QY,Road Side,Armley,,LS13,23090,,53.811048,-1.624668,435039,424812,Y,,,,,Glass,2,,2,433,"1,303",363,"1,370",557,740,867,710,1542,1664,1318.02,1217.95,,,,,,,,,,,,,,,,,,,,,,,,,,
LCC Offices,Knowsthorpe Gate,LS9 0NP,Council Office,Burmantofts and Richmond Hill,Y,LS9,21974,72696391,53.785355,-1.499804,432231,433054,Y,,,,,Glass,1,,1,,,,,749,,,,,,,320,,,,,,,,,,,,,,,,,,,,,,,,,,
Ledston Luck Enterprise Park,Ridge Road,LS25 7BF,Road Side,Kippax and Methley,Y,LS25,,72322752,53.771037,-1.349579,430718,442966,Y,,,,,Glass,1,,1,,,,,,,,,,,,432,,,,,,,,,,,,,,,,,,,,,,,,,,
Leeds Bradford Airport,Compound near Terminal (nr to mid-stay c/p),LS19 7TU,Transport,Otley and Yeadon,Y,LS19,22077,72685022,53.869265,-1.659439,441504,422492,Y,,,,,Glass,1,,6,,"2,103","3,711","9,748","2,528","6,091","9,706",1370,,3948,2398.11,,,,,,,,,,,,,,,,,,,,,,,,,,,
Leeds City College (former Park Lane College),"Denison Road, Park Lane",LS3 1AA,Educational Facility,Armley,Y,LS3,22154,72721203,53.800445,-1.559006,433884,429143,Y,,,,,Glass,1,,1,881,,854,664,137,569,696,491,828,259,869.68,881,,,,,,,,,,,,,,,,,,,,,,,,,,
Leeds Golf Club,Elmete Lane,LS8 2LJ,Sports Club,Roundhay,Y,LS8,22078,72532671,53.836481,-1.487373,437925,433832,Y,,,,,Glass,1,,1,,673,750,,,"1,171",,682,,1108,,,,,,,,,,,,,,,,,,,,,,,,,,,,
Leeds Prison,"2 Gloucester Terrace, Stanningley Road",LS12 2TJ,Prison,Armley,Y,LS12,23093,72079833,53.796477,-1.575262,433436,428075,Y,,,,,Glass,1,,1,,,,,,,,,,,,,,,,,,,,,,,,,,,,,,,,,,,,,,
Leeds University Main Car Park,"Ring Road, Weetwood",LS16 5AU,Sports Club,Adel and Wharfedale,,LS16,23092,72578999,53.838932,-1.590692,438154,427031,Y,,,,,Glass,1,,,,,,146,,,843,,123,0,59.46,,,,,,,,,,,,,,,,,,,,,,,,,,,
Leeds West Indian Centre,10 Laycock Place,LS7 3JA,Community Centre,Chapel Allerton,Y,LS7,22083,72117299,53.812196,-1.536193,435201,430637,Y,,,,,Glass,1,,1,224,260,,207,,962,400,,422,,285.49,224,,,,,,,,,,,,,,,,,,,,,,,,,,
Leodiensian Club,"Crag Lane, Alwoodley",LS17 5PR,Social Club,Alwoodley,Y,LS17,22084,72110488,53.855699,-1.569995,440027,428382,Y,,,,,Glass,1,,1,716,,463,,,585,,,,528,0,,,,,,,,,,,,,,,,,,,,,,,,,,,
Lidl Halton,Selby Road,LS15 0DL,Shops,Temple Newsam,Y,LS15,23156,72661411,53.795059,-1.471573,433324,434906,Y,,,,,Glass,,,,,"8,603","7,943","8,149","9,374","7,387","7,912",5762,10120,7481,7966.05,11002.06,,,,,,,,,,,,,,,,,,,,,,,,,,
Lidl Oulton,"60 Aberford Road, Oulton",LS26 8HP,Shops,Rothwell,Y,LS26,22088,72563523,53.750954,-1.448105,428429,436490,Y,,,,,Glass,1,,3,"10,003","12,757","9,996","10,895","10,214","10,284","9,499",8480,13415,11771,9605.81,11833.01,,,,,,,,,,,,,,,,,,,,,,,,,,
Lisker Drive Otley,Road Side,LS21 1DQ,Road Side,Otley and Yeadon,Y,LS21,22089,72639489,53.902207,-1.680486,445163,421091,Y,,,,,Glass,1,,1,936,"1,129","1,617","1,765",850,360,"1,353",1012,1288,872,773.75,1761.03,,,,,,,,,,,,,,,,,,,,,,,,,,
Mainline WMC,Pudsey Road,LS13 4LS,Social Club,Farnley and Wortley,Y,LS13,22091,72162285,53.795458,-1.619966,433306,425131,Y,,,,,Glass,1,,1,259,,0,218,268,198,,555,309,723,1675.81,259,,,,,,,,,,,,,,,,,,,,,,,,,,
Manor Function Room,"Stoney Royd, Farsley",LS28 5JA,Business,Calverley and Farsley,,LS28,22093,72394321,53.813228,-1.678627,435264,421258,Y,,,,,Glass,1,,1,,,,464,,,,,,,,,,,,,,,,,,,,,,,,,,,,,,,,,,
Maxis Restaurant,Bingley Street,LS3 1LX,Restaurant,Armley,Y,LS3,22096,72557906,53.799565,-1.561824,433785,428958,Y,,,,,Glass,1,,2,,,,,,,,,,,,,,,,,,,,,,,,,,,,,,,,,,,,,,
Meanwood Cricket Club ,Parkside Road,LS6 4NE,Sports Club,Moortown,,LS6,,72139056,53.83665,-1.571558,437907,428292,Y,,,,,Glass,1,,1,,,,,,,,,,,,,,,,,,,,,,,,,,,,,,,,,,,,,,
Meanwood Valley Urban Farm,Sugarwell Road,LS7 2QG,Business,Chapel Allerton,,,,72566639,53.820546,-1.552704,436123,429544,,Y,,,,Paper,,,0,,,,,,,,,,,,,,,,,,,,,,,,,,,,,,,,,,,,,,
Mecure Hotel Weatherby,"Leeds Road, Wetherby ",LS22 5HE,Hotel,Wetherby,Y,LS22,22179,72555119,53.924357,-1.387283,447754,440334,Y,,,,,Glass,1,,1,469,821,,572,445,,548,303,542,751,210.25,,,,,,,,,,,,,,,,,,,,,,,,,,,
Mercantile Club,"16 Commercial Street, Morley",LS27 8HN,Social Club,Morley South,Y,LS27,22099,72365814,53.746012,-1.599972,427812,426479,Y,,,,,Glass,1,,1,363,491,169,"1,036",337,390,316,84,865,356,481,195.6,,,,,,,,,,,,,,,,,,,,,,,,,,
Merlins,"Helston Road, Middleton",LS10 4PG,Pub,Middleton Park,,LS10,22100,72095841,53.75256,-1.560236,428556,429095,Y,,,,,Glass,1,,1,,,,784,,,333,,,394,,84.42,,,,,,,,,,,,,,,,,,,,,,,,,,
Methley Cricket Club,"Church Side, Methley",LS26 8EF,Sports Club,Kippax and Methley,,LS26,22101,72565255,53.735499,-1.409408,426730,439056,Y,,,,,Glass,1,,1,"1,692","2,323","2,040","1,591","2,934","1,690","1,901",1894,2405,2365,1541.47,2216.19,,,,,,,,,,,,,,,,,,,,,,,,,,
Methley W.M.C ,"21 Pinfold Lane, Methley",LS26 9AA,Sports Club,Kippax and Methley,,LS26,22102,72380535,53.738065,-1.393898,427024,440077,Y,,,,,Glass,1,,1,"1,501","1,568","1,381","1,255","1,868","1,094","1,645",1442,1535,2372,1675.81,1486.72,,,,,,,,,,,,,,,,,,,,,,,,,,
Mexborough Arms Public House,"Main Street, Thorner ",LS14 3DX,Social Club,Harewood,,LS14,22103,72385633,53.858721,-1.426497,440430,437818,Y,,,,,Glass,1,,,"1,671",756,"1,922",,"2,225",662,"2,088",1269,2491,1844,937.74,1554.87,,,,,,,,,,,,,,,,,,,,,,,,,,
Middleton Conservative Club,"4 Ring Road, Middleton",LS10 4AX,Social Club,Middleton Park,Y,LS10,22105,72170596,53.748282,-1.539005,428089,430498,Y,,,,,Glass,1,,3,403,405,505,,749,541,913,,350,520,366.41,775.36,,,,,,,,,,,,,,,,,,,,,,,,,,
Moor Allerton Golf Club,"Syke Lane, Scarcroft",LS17 9NH,Sports Club,Harewood,Y,LS17,22107,72388356,53.869896,-1.480379,441646,434265,Y,,,,,Glass,1,,1,613,390,,,,"1,171",,,,1057,,215.39,,,,,,,,,,,,,,,,,,,,,,,,,,
Moor Valley Leisure Park,"Mill Lane, Hawksworth",LS20 8PQ,Caravan Park,Guiseley and Rawdon,Y,LS20,22325,72554351,53.868297,-1.769278,441368,415269,Y,,,,,Glass,1,,1,588,,693,450,342,,,710,,,,,,,,,,,,,,,,,,,,,,,,,,,,,,
Moortown Rugby Union Football Club,"Moss Valley, Allwoodley",LS17 7NT,Sports Club,Alwoodley,Y,LS17,22110,72552524,53.856785,-1.554841,440154,429378,Y,,,,,Glass,1,,1,409,585,154,,331,,,,534,382,153.2,,,,,,,,,,,,,,,,,,,,,,,,,,,
Moortown Social Club,Cranmer Gardens,LS17 5LA,Social Club,Alwoodley,Y,LS17,22111,72242542,53.848615,-1.554867,439245,429382,Y,,,,,Glass,1,,1,,504,,690,497,,469,340,267,390,153.2,,,,,,,,,,,,,,,,,,,,,,,,,,,
Morley United Services Club,"High Street, Morley",LS27 9AL,Social Club,Morley South,Y,LS27,22112,72350683,53.741861,-1.597782,427351,426626,Y,,,,,Glass,1,,1,,,470,,,,,,,,378.72,,,,,,,,,,,,,,,,,,,,,,,,,,,
Morley W.M.C,"Fountain Street, Morley",LS27 9EH,Social Club,Morley South,Y,LS27,22113,72350235,53.742941,-1.603549,427469,426245,Y,,,,,Glass,1,,1,363,0,505,,80,781,0,,526,87,,0,,,,,,,,,,,,,,,,,,,,,,,,,,
Morrisons,"69 Town Street, Horsforth",LS18 5BP,Shops,Horsforth,Y,LS18,22115,72313089,53.838324,-1.640686,438068,423742,Y,Y,,,,"Glass, Paper",1,,8,"25,713","24,274","23,809","27,518","24,939","19,218","20,824",22888,27695,21020,21672.58,25713,,,,,,,,,,,,,,,,,,,,,,,,,,
Morrisons,"Shopping Centre, Hunslet",LS10 2AP,Shops,City and Hunslet,Y,LS10,22116,72106174,53.779253,-1.529014,431539,431134,Y,Y,,,,"Glass, Paper",1,,3,"6,837","3,144","4,298","5,450","4,621","6,808","4,050",4660,6128,5493,4622.22,5329.85,,,,,,,,,,,,,,,,,,,,,,,,,,
Morrisons,"1 Savins Mill Way, Kirkstall",LS5 3RP,Shops,Kirkstall,Y,LS5,22117,72507395,53.813169,-1.601869,435283,426312,Y,Y,,,,"Glass, Paper",1,,4,"15,172","18,628","6,039","19,432","15,290","16,456","13,922",15213,19362,,14780.61,6501,,,,,,,,,,,,,,,,,,,,,,,,,,
Morrisons,"Windsor Court, Morley",LS27 9BG,Shops,Morley South,Y,LS27,22118,72400031,53.745599,-1.603008,427765,426279,Y,Y,,,,"Glass, Paper",1,,6,"18,593","18,677","16,003","19,481","18,755","17,762","15,168",16701,17771,19586,13768.72,17809.09,,,,,,,,,,,,,,,,,,,,,,,,,,
Morrisons,"1 Jail Yard Parade, Rothwell",LS26 0AF,Shops,Rothwell,Y,LS26,22119,72677116,53.748911,-1.479553,428186,434418,Y,Y,,,,"Glass, Paper",1,,9,"20,926","15,720","15,816","17,756","18,154","20,926","16,111",14121,23657,22682,14563.32,16454.24,,,,,,,,,,,,,,,,,,,,,,,,,,
Morrisons,136 Swinnow Road,LS13 4DN,Shops,Armley,Y,LS13,22120,72551141,53.803652,-1.636184,434212,424058,Y,Y,,,,"Glass, Paper",1,,8,,"15,694","14,719","31,957","38,758","31,051","32,132",30231,37033,43768,31650.28,22803.32,,,,,,,,,,,,,,,,,,,,,,,,,,
Morrisons,"High Street, Yeadon",LS19 7PP,Shops,Otley and Yeadon,Y,LS19,22121,72564891,53.865811,-1.682588,441113,420971,Y,Y,,,,"Glass, Paper",1,,6,"15,414","14,388","11,262","15,155","12,329","11,392","14,011",7879,16986,13916,11405.53,14908.55,,,,,,,,,,,,,,,,,,,,,,,,,,
Myrtle Tavern,Parkside Road,LS6 4NE,Pub,Moortown,,LS6,22123,72139055,53.836088,-1.570409,437845,428368,Y,,,,,Glass,1,,3,616,317,996,309,"1,576",616,0,948,1429,165,730.32,616,,,,,,,,,,,,,,,,,,,,,,,,,,
"Naburn Approach, near Pendas Arms","Car Park adj, Naburn Approach",LS14 2DF,Roadside,Cross Gates and Whinmoor,,LS14,23152,72721195,53.837273,-1.455514,438029,435928,Y,,,,,Glass,1,,1,685,"1,343","1,559","1,130","1,110",982,853,1242,1926,1294,1143.27,492.45,,,,,,,,,,,,,,,,,,,,,,,,,,
New Farnley Community Centre,"Low Moor Side, Farnley",LS12 5EA,Community Centre,Farnley and Wortley,,LS12,23130,72071530,53.776226,-1.623599,431165,424903,Y,,,,,Glass,1,,2,"3,299","2,670","2,985","2,926","2,208","1,869","2,685",1944,5510,2860,2355.91,3829.69,,,,,,,,,,,,,,,,,,,,,,,,,,
New Farnley Cricket Club,Lawns Lane ,LS12 5ES,Sports Club,Farnley and Wortley,Y,LS12,22003,72056638,53.783624,-1.623457,431988,424908,Y,,,,,Glass,1,,3,"1,336",,"1,273",,996,,"1,302",1355,,,,1355.09,,,,,,,,,,,,,,,,,,,,,,,,,,
New Masons Arms,"26 Aberford Road, Oulton",LS26 8JR,Hotel,Rothwell,,LS26,22132,72380863,53.747863,-1.452179,428083,436224,Y,,,,,Glass,1,,1,826,423,,"1,114",370,596,298,264,432,444,642.89,367,,,,,,,,,,,,,,,,,,,,,,,,,,
New Moorside Social Club,Holborn Approach,LS6 2PW,Social Club,Hyde Park and Woodhouse,Y,LS6,22354,72236183,53.813534,-1.561624,435343,429569,Y,,,,,Glass,1,,2,0,,,,195,569,,593,872,,285.49,0,,,,,,,,,,,,,,,,,,,,,,,,,,
New Travellers Rest,"Ring Road, Crossgates",LS15 7PF,Pub,Killingbeck and Seacroft,,LS15,22182,72053730,53.808996,-1.453038,434884,436115,Y,,,,,Glass,1,,1,761,528,711,586,177,,595,352,223,660,87.78,569.1,,,,,,,,,,,,,,,,,,,,,,,,,,
New Wortley Labour Club ,Oak Road,LS12 2HJ,Social Club,Armley,,LS12,22138,72147009,53.794664,-1.57361,433235,428185,Y,,,,,Glass,1,,1,,170,,,287,,"1,158",,725,,158.37,,,,,,,,,,,,,,,,,,,,,,,,,,,
North Parade Car Park (formely The Licks Car park),"Cattle Market Street, Otley ",LS21 1BQ,Car Park,Otley and Yeadon,Y,LS21,22087,72339909,53.907119,-1.692748,445706,420283,Y,Y,,,,"Glass, Paper",1,,8,"10,315","14,927","7,218","11,327","9,739","7,850","10,893",9651,15582,10247,7380.05,12756.49,,,,,,,,,,,,,,,,,,,,,,,,,,
North Sea Chinese Restaurant,"40 Town Street, Stanningley, Pudsey",LS28 6EZ,Restaurant,Bramley and Stanningley,Y,LS28,22139,72557466,53.807921,-1.660521,434679,422453,Y,,,,,Glass,1,,2,,,,,,,,,,,,,,,,,,,,,,,,,,,,,,,,,,,,,,
Old Masons Arms Public House,"59 Aberford Road, Oulton",LS26 8JA,Pub,Rothwell,Y,LS26,22143,72380884,53.750587,-1.450354,428387,436342,Y,,,,,Glass,1,,1,826,797,691,226,797,596,149,616,711,1088,550.18,684,,,,,,,,,,,,,,,,,,,,,,,,,,
Old White Hart Public House,"Town Street, Beeston",LS11 8BZ,Pub,Beeston and Holbeck,Y,LS11,22146,72217684,53.772307,-1.567661,430750,428592,Y,,,,,Glass,1,,1,0,,604,,137,,0,,512,719,113.71,0,,,,,,,,,,,,,,,,,,,,,,,,,,
Oldfield Hotel,146 Oldfield Lane,LS12 4EU,Pub,Farnley and Wortley,Y,LS12,22147,72150410,53.788631,-1.588577,432558,427203,Y,,,,,Glass,1,,1,,,,,,,,,,,,,,,,,,,,,,,,,,,,,,,,,,,,,,
Otley Social Club,"Hollin Gate, Otley",LS21 2DP,Social Club,Otley and Yeadon,,LS21,22151,72343523,53.914117,-1.713097,446479,418943,Y,,,,,Glass,1,,1,451,"1,144",,536,461,,372,336,369,369,,879.59,,,,,,,,,,,,,,,,,,,,,,,,,,
Oxley Hall - University of Leeds,"Oxley Hall, Weetwood Lane",LS16 8HL,Student Accomodation,Weetwood,,LS16,22082,72224780,53.835753,-1.58769,437801,427231,Y,,,,,Glass,1,,3,,,77,,,,,,,,,1417.35,,,,,,,,,,,,,,,,,,,,,,,,,,
Parkfield Suite (former Parkfield Club),"Parkfield Street, Stanningley",LS28 6BS,Social Club,Calverley and Farsley,Y,LS28,22156,72737504,53.807375,-1.658698,434619,422573,Y,,,,,Glass,1,,3,,,,,,,,,,,,,,,,,,,,,,,,,,,,,,,,,,,,,,
Peggy Tub Social Club,Woodhouse Hill Road,LS10 2EF,Social Club,City and Hunslet,Y,LS10,22159,72236004,53.771033,-1.525586,430626,431366,Y,,,,,Glass,1,,3,,"1,470",404,,374,552,,559,,1182,481,391.21,,,,,,,,,,,,,,,,,,,,,,,,,,
Podger Public House,"Ninelands Lane, Garforth",LS25 1NT,Pub,Garforth and Swillington,Y,LS25,22161,72537504,53.79277,-1.376922,433120,441143,Y,,,,,Glass,1,,3,"1,371","1,059","1,689",526,,"2,093","2,080",,1723,,702.23,1371.16,,,,,,,,,,,,,,,,,,,,,,,,,,
Potternewton Depot,Potternewton Lane,LS7 3ND,Council Office,Chapel Allerton,,LS7,22162,72090746,53.825168,-1.534333,436645,430750,Y,,,,,Glass,,,,"4,814","3,473","6,024","5,604","2,521","3,090","3,457",2770,5709,4488,3110.29,4814,,,,,,,,,,,,,,,,,,,,,,,,,,
Potternewton Heights,Off Potternewton Lane,LS7 3DD,Road Side,Chapel Allerton,Y,LS7,22163,72160258,53.825054,-1.540717,436630,430330,Y,,,,,Glass,1,,1,208,,575,403,,285,,297,,388,749.73,208,,,,,,,,,,,,,,,,,,,,,,,,,,
Priesthorpe School,"Preisthorpe Lane, Pudsey",LS28 5SG,Educational Facility,Calverley and Farsley,Y,LS28,22165,72277866,53.80997,-1.687141,434899,420699,Y,,,,,Glass,1,,1,,,,,,,,,,,,,,,,,,,,,,,,,,,,,,,,,,,,,,
Pudsey Bowling Club,Windmill Hill,LS28 8JQ,Sports Club,Pudsey,Y,LS28,22168,72282047,53.790373,-1.67566,432722,421465,Y,,,,,Glass,1,,1,423,653,337,328,,533,348,486,,1544,227.42,423,,,,,,,,,,,,,,,,,,,,,,,,,,
Pudsey Civic Hall,"Dawson Corner, Pudsey",LS28 5TA,Council Office,Calverley and Farsley,Y,LS28,21956,72557325,53.80733,-1.681299,434607,421085,Y,Y,,,,"Glass, Paper",1,,3,,845,"1,807","1,799",856,925,"1,222",932,339,1885,987.39,5993,,,,,,,,,,,,,,,,,,,,,,,,,,
Pudsey Leisure Centre,"Market Square, Pudsey",LS28 7BE,Leisure Centre,Pudsey,Y,LS28,22169,72394387,53.795451,-1.66261,433291,422322,Y,,,,,Glass,1,,3,"5,993","5,609","4,703","5,630","5,970","3,576",,6407,5234,7023,4968.26,5993,,,,,,,,,,,,,,,,,,,,,,,,,,
Queens Hotel,"Hope Street, Morley",LS27 8DY,Pub,Morley South,Y,LS27,22172,72359273,53.744935,-1.600664,427692,426434,Y,,,,,Glass,1,,3,"3,883","3,169","3,480","3,687","2,983","2,648","3,295",2473,4075,3038,2924.38,3883.24,,,,,,,,,,,,,,,,,,,,,,,,,,
Raging Bull Boxing Club ,Rookwood Road,LS9 0NJ,Sports Club,Burmantofts and Richmond Hill,,LS9,22540,72560924,53.79908,-1.4912,433762,433610,Y,,,,,Glass,1,,,,,,,,,,,529,,,,,,,,,,,,,,,,,,,,,,,,,,,,,
Ramada Jarvis,Otley Road,LS16 8AJ,Hotel,Adel and Wharfedale,Y,LS16,22178,72681049,53.867714,-1.592485,441355,426895,Y,,,,,Glass,1,,3,,,"1,601",,"1,369",,"1,847",,787,264,,,,,,,,,,,,,,,,,,,,,,,,,,,,
Rawdon and Guiseley Conservative Club,24 Leeds Road ,LS19 6NL,Social Club,Horsforth,Y,LS19,22180,72290489,53.850097,-1.681552,439365,421047,Y,,,,,Glass,1,,1,,666,,,,613,,,384,0,,,,,,,,,,,,,,,,,,,,,,,,,,,,
Rawdon Library/Micklefield House ,"New Road Side, Rawdon",LS19 6DF,Council Office,Guiseley and Rawdon,Y,LS19,22104,72553282,53.853345,-1.686194,439725,420740,Y,Y,,,,"Glass, Paper",1,,3,"9,124","11,130","7,121","9,966","6,629","6,140","6,563",5448,10405,7994,6637.57,9057.9,,,,,,,,,,,,,,,,,,,,,,,,,,
Roadside,"Cragside Cresent, Hawksworth",LS5 3QU,Roadside,Kirkstall,,LS5,22047,72028936,53.828137,-1.617031,436943,425305,Y,,,,,Glass,1,,,,,"1,041",345,930,585,"1,381",340,508,1206,352.07,307.54,,,,,,,,,,,,,,,,,,,,,,,,,,
Roadside,"Fairfield Mount ( Stanningley Road), Bramley",LS13 3EQ,Road Side,Bramley and Stanningley,Y,LS13,23187,72066646,53.807236,-1.643528,434608,434608,Y,,,,,,,,,433,,760,588,836,,365,878,738,1823,581.78,432.78,,,,,,,,,,,,,,,,,,,,,,,,,,
Roadside,"Burton Row, (oppo. The Blooming Rose pub)",LS11 5NX,Roadside,Beeston and Holbeck,,LS11,23140,72033983,53.779602,-1.541354,431572,430321,Y,,,,,Glass,1,,1,280,,328,,,428,,,693,,553.14,322.21,,,,,,,,,,,,,,,,,,,,,,,,,,
Roadside,Cottingley Drive (nr Dulverton Square),LS11 0LL,Road Side,Beeston and Holbeck,,LS11,21971,,53.765875,-1.583917,430035,427525,Y,,,,,Glass,1,,1,513,,721,,702,,420,,738,398,377.67,,,,,,,,,,,,,,,,,,,,,,,,,,,
Roadside,Cottingley Drive (nr Dulverton Grove),LS11 0LD,Road Side,Beeston and Holbeck,,LS11,21972,,53.768372,1.587419,430305,427292,Y,,,,,Glass,1,,1,,,361,,351,,210,,369,398,188.84,,,,,,,,,,,,,,,,,,,,,,,,,,,
Roadside,Cottingley Drive (nr Cottingley Fold),LS11 0JZ,Road Side,Beeston and Holbeck,,LS11,21973,,53.771104,1.58415,430610,427506,Y,,,,,Glass,1,,1,,,180,,702,,0,,185,0,0,,,,,,,,,,,,,,,,,,,,,,,,,,,
Roadside,Nassau Place,LS7 4BX,Road Side,Chapel Allerton,Y,LS7,22125,72080927,53.815337,-1.529773,435553,431057,Y,,,,,Glass,1,,1,"1,382",730,950,"1,258","1,009","1,487","1,069",1105,2024,1157,1570.62,1382,,,,,,,,,,,,,,,,,,,,,,,,,,
Roadside,"Beech Avenue, Armley",LS12 3AH,Road Side,Armley,Y,LS12,22191,72741114,53.79769,1.589588,433565,427131,Y,,,,,Glass,1,,1,"1,650","1,396","1,564","2,284","2,041","1,484","1,055",1260,2674,2622,648.84,1649.7,,,,,,,,,,,,,,,,,,,,,,,,,,
Roadside,Corner of Tynwald Hill and Cranmer Bank,LS17 5LB,Road Side,Moortown,Y,LS17,23170,72051470,53.847044,-1.557092,439069,429237,Y,,,,,Glass,1,,1,629,532,364,314,,266,540,619,728,1070,276.57,628.57,,,,,,,,,,,,,,,,,,,,,,,,,,
Roadside,Headingley Mount,LS6 3JX,Road Side,Headingley,,LS6,22195,72094334,53.821471,-1.584439,436213,427454,Y,,Y,Y,,"Glass, textile, small electrical appliances",1,,1,"1,388",505,"1,048","1,629",720,823,626,1064,1220,777,909.3,1388,,,,,,,,,,,,,,,,,,,,,,,,,,
Roadside,Queens Road,   LS6 1HU,Road Side,Hyde Park and Woodhouse,,LS6,22198,72521987,53.807661,-1.570518,434682,428380,Y,,Y,Y,,"Glass, textile, small electrical appliances",1,,2,338,973,664,763,638,364,710,1185,945,880,572.23,338,,,,,,,,,,,,,,,,,,,,,,,,,,
Roadside,Stanmore Hill,LS4 2PW,Road Side,Kirkstall,,LS6,22202,72113670,53.811674,-1.583583,435124,427517,Y,,Y,Y,,"Glass, textile, small electrical appliances",1,,1,"1,055",349,"1,192","1,492","1,122","1,105","1,827",1741,1310,1931,1315.3,1055,,,,,,,,,,,,,,,,,,,,,,,,,,
Roadside,Vicarage Terrace,LS5 3HF,Road Side,Kirkstall,,LS5,22204,72221898,53.81884,-1.597572,435915,426591,Y,,,,,Glass,1,,1,880,"1,149","1,549",754,"1,095",,1023.22,920,703,1342,432.03,880,,,,,,,,,,,,,,,,,,,,,,,,,,
Roadside,Smithy Lane,WF3 1QQ,Road Side,Ardsley and Robin Hood,,WF3,23158,72363046,53.728193,-1.564004,425844,428863,Y,,,,,Glass,1,,2,,,,,,"3,866",,3074,5341,3433,"3,272",,,,,,,,,,,,,,,,,,,,,,,,,,,
Roadside,"Weston Ridge, Otley",LS21 2EF,,,,,22206,,,,,,,,,,,,,,,,,,,,,,,,,,,,,,,,,,,,,,,,,,,,,,,,,,,,
Roadside,Temple View Road,LS9 9LH,Road Side,Halton,,LS9,22350,72766028,53.79579,-1.515381,433385,432020,Y,,,,,Glass,,,,532,,670,532,548,368,170,746,350,667,481,532.43,,,,,,,,,,,,,,,,,,,,,,,,,,
Roadside,"Moorside Road, Driglington",BD11 1EP,Road Side,Morley North,Y,BD11,22109,72353516,53.753548,-1.656294,428631,422761,Y,,,,,Glass,1,,3,"4,699","3,432","2,403",,"3,937","3,999","3,085",3011,5764,3413,3408.39,5133.23,,,,,,,,,,,,,,,,,,,,,,,,,,
Roadside,"Tranmere Court, Bradford Road",LS20 8NH,Road Side,Guiseley and Rawdon,,LS20,,,53.876644,-1.724981,442307,418179,,Y,,,,Paper,,,0,,,,,,,,,,,,,,,,,,,,,,,,,,,,,,,,,,,,,,
Roadside,Batcliffe Mount,LS6 3PW,Road Side,Weetwood,,LS6,22190,72192450,53.822377,-1.587959,436313,427222,Y,,,,,Glass,1,,1,"2,394","1,926","2,182","2,107","1,342","1,637","1,769",2249,2615,1886,1772.84,2394,,,,,,,,,,,,,,,,,,,,,,,,,,
Roadside,Canterbury Drive,LS6 3DY,Road Side,Headingley,,LS6,22192,72115548,53.818451,-1.58904,435875,427153,Y,,,,,Glass,1,,1,805,"1,139","1,048","1,085",391,449,488,426,607,440,923.49,374,,,,,,,,,,,,,,,,,,,,,,,,,,
Roadside,"Elland Road, Churwell Hill",LS27 7PT,Road Side,Morley North,Y,LS27,22193,72348866,53.758442,-1.593745,429197,426882,Y,,,,,Glass,1,,2,"4,657","4,242","4,297","5,296","4,483","4,049","4,256",4192,4845,6358,3708.48,4657.16,,,,,,,,,,,,,,,,,,,,,,,,,,
Roadside,"Street Lane, Gildersome",LS27 7JB,Road Side,Morley North,Y,LS27,22248,72356110,53.757762,-1.632362,429108,424336,Y,,,,,Glass,1,,3,"7,286","5,855","6,438","7,779","6,623","5,662","6,043",4360,8385,6681,5947.92,7285.91,,,,,,,,,,,,,,,,,,,,,,,,,,
Roadside,Stott Road,LS6 1DL,Road Side,Headingley,,LS6,22340,72169372,53.814881,-1.574543,435484,428110,Y,,Y,,,"Glass, textile",1,,1,430,470,985,553,391,443,656,430,872,763,717.29,430,,,,,,,,,,,,,,,,,,,,,,,,,,
Roadside,"Station Lane, East Ardsley",WF3 2FJ,Road Side,Ardsley and Robin Hood,,WF3,22965,,53.733793,-1.535605,426478,430733,Y,,,,,Glass,1,,1,"2,395","1,745","1,213","2,923","1,669","1,767","1,881",1703,2824,2125,1743.12,2394.66,,,,,,,,,,,,,,,,,,,,,,,,,,
Roadside,Wakefield/Leeds Road,WF3 3LU,Road Side,Ardsley and Robin Hood,,WF3,22205,,53.720826,-1.49772,425053,433242,Y,,,,,Glass,1,,1,842,"1,023",628,"2,673","1,430",634,"1,072",1020,2019,1528,1345.06,842.08,,,,,,,,,,,,,,,,,,,,,,,,,,
Roadside,"Old Bradford Road, Bradford Road",BD11 1EB,Road Side,Morley North,,BD11,22141,72352703,53.750579,-1.641586,428305,423732,Y,,,,,Glass,,,,581,401,259,"2,069",806,561,327,483,1169,680,820.53,448.91,,,,,,,,,,,,,,,,,,,,,,,,,,
Roadside,"Village Green, Fewston Avenue/Cross Green Ln",LS9 0DD,Road Side,Burmantofts and Richmond Hill,,LS9,22276,72054113,53.789278,-1.519894,432658,431727,Y,,,,,Glass,1,,1,,,,,374,,333,167,,530,253,0,,,,,,,,,,,,,,,,,,,,,,,,,,
Roadside,"Old Run Road, Belle Isle, Middleton",LS10 3AU,Road Side,City and Hunslet,Y,LS10,22144,72538053,53.771495,-1.535626,430673,430704,Y,,,,,Glass,1,,3,663,203,959,,,,196,,,876,481,391.21,,,,,,,,,,,,,,,,,,,,,,,,,,
Roadside,Lingwell Gate Lane ,WF3 3BX,Road Side,Ardsley and Robin Hood,,WF3,22964,,53.735981,-1.522147,426728,431619,Y,,,,,Glass,1,,1,"2,657","2,005","2,210",,"1,829","1,777","1,854",1725,2755,2294,1477.19,2657,,,,,,,,,,,,,,,,,,,,,,,,,,
Roadside,"Stanningley, Rossefield Lawn",LS28 6BN,Road Side,Bramley and Stanningley,Y,LS13,22212,72510531,53.80595,-1.6286823,434513,424527,Y,Y,,,,"Glass, Paper",1,,2,,849,594,"1,775",861,434,"1,020",538,813,1586,579.49,992.24,,,,,,,,,,,,,,,,,,,,,,,,,,
Roadside,Cartmell Drive ,LS15 0AR,Road Side,Temple Newsam,,LS15,22364,72086540,53.789019,-1.482673,432647,434180,Y,,,,,Glass,1,,1,,,,355,,552,333,334,,333,,,,,,,,,,,,,,,,,,,,,,,,,,,,
Roadside,"Oakwell Road, Drighlington",BD11 1DS,Roadside,Morley North,,BD11,22553,72352438,53.751996,-1.650567,428460,423139,Y,,,,,Glass,1,,2,"1,215",293,478,415,"1,125",341,655,465,1337,509,559.06,1214.67,,,,,,,,,,,,,,,,,,,,,,,,,,
Roadside,Cross green Lane ,LS9 0BD,Road Side,Burmantofts and Richmond Hill,,LS9,22983,72054221,53.789184,-1.515647,432650,432007,Y,,,,,Glass,1,,1,,362,760,532,0,"1,013",,,508,,,0,,,,,,,,,,,,,,,,,,,,,,,,,,
Roadside,Cottingley Drive (Cottingley Towers),LS11 0JH,Road Side,Beeston and Holbeck,,LS11,21973,,53.768673,-1.583092,430340,427577,Y,,,,,Glass,1,,1,,,,,,,,,,,,,,,,,,,,,,,,,,,,,,,,,,,,,,
Roadside,"Calverley Ln, Horsforth Vale, Leeds ",LS13 1NP,Road Side,Horsforth,,LS13,22336,,53.828618,-1.661343,436980,422391,Y,,,,,Glass,1,,,,,"1,039","1,802","1,291","1,285",746,1664,1657,2137,2803.56,824.5,,,,,,,,,,,,,,,,,,,,,,,,,,
Roadside,Spring Road,LS6 3BW,Road Side,Headingley,,LS6,22323,72679662,53.815805,-1.57066,435588,428365,Y,,Y,,,"Glass, Textile",,,1,"1,453",406,502,902,840,537,732,606,1514,764,1407.43,1453,,,,,,,,,,,,,,,,,,,,,,,,,,
Roadside,"1 - 3 Burley Road, Marston House",LS3 1JZ,Road Side,Burley,Y,LS3,22603,,,,,,Y,,,,,Glass,1,,1,,,,,87,,,,95,,,0,,,,,,,,,,,,,,,,,,,,,,,,,,
Roadside,"A58, Weatherby Road Layby, north side",LS22 5DR,Road Side,Harewood,Y,LS22,22348,72388485,53.918439,-1.395456,447198,439802,Y,,,,,Glass,1,,2,,,,,"5,033","4,534","4,475",6102,5857,9473,"5,228","3,127",,,,,,,,,,,,,,,,,,,,,,,,,,
Roadside,"A58, Weatherby Road Layby 2, South Side",LS22 5DR,Road Side,Harewood,Y,LS22,22348,72388485,53.918439,-1.395456,447198,439802,Y,,,,,Glass,1,,2,,,,,"2,939","2,698","3,331",4837,5700,4276,"4,308","2,849",,,,,,,,,,,,,,,,,,,,,,,,,,
Roadside,"Ghyll Royd, Guiseley, Yeadon, Leeds ",LS20 9LT,Road Side,Guiseley and Rawdon,Y,LS20,,,53.867235,-1.706707,441265,419384,Y,,,,,Glass,1,,1,,,,,,371,393,342,793,1153,546,814,,,,,,,,,,,,,,,,,,,,,,,,,,
Roadside,"St, Peters Square ",LS9 8AH ,Road Side,City Centre,Y,LS9,,72573174,53.797228,-1.533471,433537,430827,Y,,,,,Glass,1,,1,,,,,,,,,,,,,,,,,,,,,,,,,,,,,,,,,,,,,,
Roadside,Maude St' Car Park,LS2 7DJ,Road Side,City Centre,Y,LS2,,72562342,53.795087,-1.534698,433298,430748,Y,,,,,Glass,1,,1,,,,,,,,,75,,,198,,,,,,,,,,,,,,,,,,,,,,,,,,
Roadside,Armouries Way ,LS10 1PJ,Road Side,City and Hunslet,Y,LS10,,,53.792685,-1.534359,433031,430772,Y,,,,,Glass,1,,1,,,,,,,,,,,,,,,,,,,,,,,,,,,,,,,,,,,,,,
Roadside ,"Robin Hood, Wakefield Road, Robin Hood",WF3 3BH,Road Side,Ardsley and Robin Hood,Y ,WF3,22199,72371985,53.736392,-1.506665,426781,432640,Y,,,,,Glass,1,,1,"2,126","1,727","1,426","2,408",988,"1,268","1,745",1185,2547,1360,1266.57,2125.89,,,,,,,,,,,,,,,,,,,,,,,,,,
Roadside ,Atkinson Street,LS10 1QB,Road Side,City and Hunslet,,LS10,22391,,53.785038,-1.526284,432184,431310,Y,,,,,Glass,4,,,"1,019",328,959,660,548,752,340,559,1039,1137,481,1018.85,,,,,,,,,,,,,,,,,,,,,,,,,,
Roadside ,"Smithy Lane, Fomer Garages, East Ardsley",WF3 1QQ,Roadside,Ardsley and Robin Hood,Y,WF3,23158,,53.728546,-1.563949,425883,428867,,,,,,,,,,,,,,3779.28,,,,,,,2992.29,,,,,,,,,,,,,,,,,,,,,,,,,,
Roadside ,"Near Park, Harehills Rd",LS8 5HS,Road Side,Gipton and Harehills,,LS8,22197,,53.812302,-1.517335,435221,431879,Y,,,,,Glass,,,,,,,,,,,,,,,,,,,,,,,,,,,,,,,,,,,,,,,,,
Rocol,"Wakefield Road, Swillington",LS26 8BS,Business,Garforth and Swillington,,LS26,22209,72524885,53.770939,-1.416633,430669,438547,Y,,,,,Glass,1,,1,,,,,,,,,,,527,,,,,,,,,,,,,,,,,,,,,,,,,,,
Rossefield Manor,Rossefield Lawn,LS13 3RU,Road Side,Bramley and Stanningley,,LS13,22212,72681490,53.807311,-1.628232,434622,424580,Y,Y,,,,"Glass, Paper",1,,,169,509,294,254,712,,339,492,,281,275.25,169,,,,,,,,,,,,,,,,,,,,,,,,,,
Rothwell Athletic and Squash Club,"Royds Lane, Rothwell",LS26 0BE,Sports Club,Rothwell,Y,LS26,22213,72377624,53.746378,-1.47179,427908,434932,Y,,,,,Glass,1,,3,878,697,795,976,886,508,406,794,1279,436,1013.05,878.26,,,,,,,,,,,,,,,,,,,,,,,,,,
Rothwell Labour Club,"Fifth Avenue, Rothwell",LS26 0HG,Social Club,Rothwell,Y,LS26,22214,72376599,53.755863,-1.468243,428965,435158,Y,,,,,Glass,1,,2,764,504,,75,463,0,457,,750,101,370.85,764.44,,,,,,,,,,,,,,,,,,,,,,,,,,
Rothwell Leisure Centre,Wakefield Road,LS26 8EL,Leisure Centre,Rothwell,Y,LS26,22215,72556215,53.744221,-1.451772,427678,436254,Y,Y,,,,"Glass, Paper",1,,3,"1,585","1,877","3,951","2,522","2,820","2,273","4,176",2380,3393,3211,2490.55,1585.13,,,,,,,,,,,,,,,,,,,,,,,,,,
Rothwell W.M.C,"Marsh Street,Rothwell",LS26 0BB,Social Club,Rothwell,Y,LS26,22216,72377468,53.748039,-1.477562,428090,434550,Y,,,,,Glass,1,,1,343,"1,310",508,0,434,724,519,656,,805,,342.79,,,,,,,,,,,,,,,,,,,,,,,,,,
Roundhay Park - Car Park,Princess Avenue,LS8 2ER,Car Park,Roundhay,Y,LS8,22217,72161903,53.837056,-1.504446,437981,432708,Y,,,,,Glass,1,,3,"9,800","9,166","7,909","8,031","6,974","13,315","6,979",7406,12170,10545,8867.28,9800,,,,,,,,,,,,,,,,,,,,,,,,,,
Royal Armouries Museum,Armouries Drive,LS10 1LT,Business,City and Hunslet,Y,LS10,22219,72672535,53.789749,-1.532335,432705,430907,Y,,,,,Glass,1,,3,"1,411",,0,,936,,167,,,788,,1410.92,,,,,,,,,,,,,,,,,,,,,,,,,,
Sainsburys,King Lane,LS17 5NY,Shops,Alwoodley,Y,LS17,22224,72505272,53.84409,-1.553836,438948,429702,Y,Y,,,,"Glass, Paper",1,,10,"25,111","17,238","23,047","24,132","26,669","20,011","25,512",25291,32146,32512,21964.76,25111,,,,,,,,,,,,,,,,,,,,,,,,,,
Sainsburys,"11 Bondgate, Otley",LS21 3AB,Shops,Otley and Yeadon,Y,LS21,,72673452,53.902867,-1.692536,445233,420299,Y,Y,,,,"Glass, Paper",1,,4,,,,,,,,,,,,,,,,,,,,,,,,,,,,,,,,,,,,,,
Scarcroft Golf Club,Syke Lane,LS14 3BQ,Sports Club,Harewood,Y,LS14,22226,72388841,53.873111,-1.453388,442017,436037,Y,,,,,Glass,1,,3,"1,903",,"1,878",,,"1,757",,,1859,764,,1903.45,,,,,,,,,,,,,,,,,,,,,,,,,,
Seacroft Village Hall,980 York Road,LS14 6JS,Community Centre,Killingbeck and Seacroft,,LS14,6,72241262,53.818413,-1.458353,435929,435757,Y,,,,,Glass,1,,1,710,,500,558,297,254,143,,495,443,0,710,,,,,,,,,,,,,,,,,,,,,,,,,,
Seacroft WMC,Ironwood View,LS14 6EW,Social Club,Killingbeck and Seacroft,Y,LS14,22230,72535235,53.814864,-1.468727,435529,435077,Y,,,,,Glass,1,,2,355,,565,482,,,,607,,295,67.07,354.95,,,,,,,,,,,,,,,,,,,,,,,,,,
Sheepscar WMC,Savile Drive,LS7 3EJ,Social Club,Chapel Allerton,Y,LS7,22232,72700327,53.813911,-1.538012,435391,430516,Y,,,,,Glass,1,,1,416,584,479,317,345,,736,,789,194,388.32,416,,,,,,,,,,,,,,,,,,,,,,,,,,
Sholebroke Mount,Chapeltown,LS7 3JG,Road Side,Chapel Allerton,,LS7,22233,72184850,53.819112,-1.538433,435969,430484,Y,,,,,Glass,1,,1,545,170,591,671,940,979,608,190,950,515,615.41,545,,,,,,,,,,,,,,,,,,,,,,,,,,
South Leeds Conservative Club,"Wooler Street, Beeston",LS11 7JH,Social Club,Beeston and Holbeck,,LS11,22236,72237921,53.772184,-1.561869,430739,428974,Y,,,,,Glass,1,,2,"1,202","1,165",724,890,,"1,388","2,383",983,1031,622,356.77,1202,,,,,,,,,,,,,,,,,,,,,,,,,,
South Leeds Stadium,Middleton Grove,LS11 5DJ,Leisure Centre,Middleton Park,,LS11,22237,72687558,53.764302,-1.541939,429870,430293,Y,,,,,Glass,1,,1,,,716,325,,,210,,,509,94.42,,,,,,,,,,,,,,,,,,,,,,,,,,,
St Chads Parish Centre,"Otley Road, Far Headingley",LS16 5JT,Community Centre,Weetwood,,LS16,22240,72151740,53.828489,-1.584571,436994,427441,Y,,,,,Glass,1,,1,"1,368",653,820,,497,572,"1,025",,1933,1695,919.2,1368.18,,,,,,,,,,,,,,,,,,,,,,,,,,
St Gemmas Hospice,329 Harrogate Road,LS17 6QD,Business,Moortown,Y,LS17,22241,72202182,53.84405,-1.508954,438757,432406,Y,,,,,Glass,1,,1,,,,,,,,,,,,,,,,,,,,,,,,,,,,,,,,,,,,,,
St James the Great Church,Galloway lane,LS28 8JR,Place of Worship,Calverley and Farsley,,LS28,23129,72277675,53.801866,-1.69165,433996,420406,Y,,,,,Glass,1,,1,746,"1,205","1,627","1,495","1,787",673,,1716,747,1725,1169.01,745.56,,,,,,,,,,,,,,,,,,,,,,,,,,
St. Helenas Caravan Park,Otley Old Road,LS18 5HZ,Caravan Park,Adel and Wharfedale,,LS18,22243,72271114,53.875007,-1.635596,442151,424056,Y,,,,,Glass,1,,1,,504,550,748,,586,210,,705,642,343.48,,,,,,,,,,,,,,,,,,,,,,,,,,,
Station Garden (closed),Linton Road,LS22 6SD,Transport,Wetherby,Y,LS22,22245,72674919,53.930128,-1.396444,448391,439727,Y,,,,,Glass,1,,5,"5,847","11,733","4,737","7,034","10,112","6,610","4,242",7065,7921,12074,3242.23,5847.38,,,,,,,,,,,,,,,,,,,,,,,,,,
Station Inn,"27 Henshaw Lane, Yeadon",LS19 7RZ,Pub,Otley and Yeadon,Y,LS19,22246,72303558,53.860821,-1.689149,440556,420542,Y,,,,,Glass,1,,1,,,,,,,,,,,,,,,,,,,,,,,,,,,,,,,,,,,,,,
Stump Cross Inn,"Britannia Road, Morley",LS27 0DD,Pub,Morley South,,LS27,22249,72349765,53.736799,-1.605608,426785,426113,Y,,,,,Glass,1,,1,109,409,,461,534,,393,373,678,,378.72,108.81,,,,,,,,,,,,,,,,,,,,,,,,,,
Swarcliffe WMC,Swarcliffe Avenue,LS14 5HD,Social Club,Cross Gates and Whinmoor,Y,LS14,22252,72542047,53.820552,-1.446507,436173,436535,Y,,,,,Glass,1,,3,758,"1,606",556,"1,285","1,210",735,"1,218",911,1817,1773,517.24,757.88,,,,,,,,,,,,,,,,,,,,,,,,,,
Sweet Basil / China Red,"Green Lane, Rawdon",LS19 7BY,Restaurant,Guiseley and Rawdon,Y,LS19,21954,72564759,53.857743,-1.687575,440214,420647,Y,,,,,Glass,1,,1,912,"1,525",584,600,502,479,703,413,769,451,515.55,912,,,,,,,,,,,,,,,,,,,,,,,,,,
Swillington Miners Welfare Club,9 Wakefield Road. Swillington,LS26 8DT,Social Club,Garforth and Swillington,,LS26,22253,72329991,53.767035,-1.41963,430233,438353,Y,,,,,Glass,1,,1,0,961,622,976,"1,590",925,499,430,1360,622,1043.4,0,,,,,,,,,,,,,,,,,,,,,,,,,,
Swillington Social Club,"Astley Lane, Swilllington",LS26 8UE,Social Club,Garforth and Swillington,Y,LS26,22255,72329401,53.766185,-1.418535,430139,438426,Y,,,,,Glass,1,,1,0,266,,,,651,,,259,,,0,,,,,,,,,,,,,,,,,,,,,,,,,,
Temple Newsam Golf,"Temple Newsam Park Club House, Templenewsam Road, Halton",LS15 0LN,Business,Temple Newsam,Y,LS15,22260,72551547,53.791027,-1.472656,432875,434838,Y,,,,,Glass,1,,1,761,390,,301,,730,,352,,,704.14,761.38,,,,,,,,,,,,,,,,,,,,,,,,,,
Tescos,Aberford Road,LS25 2DX,Shops,Garforth and Swillington,Y,LS25,22261,72563522,53.797395,-1.383123,433631,440730,Y,Y,,,,"Glass, Paper",1,,6,"13,682","10,083","15,485","14,802","12,331","16,743","12,296",13432,17142,18548,,23163.63,,,,,,,,,,,,,,,,,,,,,,,,,,
Tescos,"Seacroft Green Shopping Centre, York Road",LS14 6JD,Shops,Killingbeck and Seacroft,Y,LS14,22262,72507829,53.821641,-1.460651,436287,435603,Y,Y,,,,"Glass, Paper",1,,6,"15,026",,"12,172","16,668","12,421","12,171","10,517",11464,18275,17354,13167.02,15025.85,,,,,,,,,,,,,,,,,,,,,,,,,,
Tescos,Roundhay Road,LS8 4BU,Shops,Roundhay,Y,LS8,22263,72175056,53.822693,-1.51089,436380,432295,Y,Y,,,,"Glass, Paper",1,,12,"30,054","27,083","21,551","25,708","18,261","22,567","19,788",20803,24016,27527,12248.35,30054.42,,,,,,,,,,,,,,,,,,,,,,,,,,
The Albion Pub,Clifford,LS23 6HU,Pub,Wetherby,Y,LS23,21904,72546748,53.896598,-1.349051,444688,442873,Y,,,,,Glass,1,,1,530,0,132,429,,0,,281,,415,24225.91,,,,,,,,,,,,,,,,,,,,,,,,,,,
The Anglers Club,75 Stoney Rock Lane,LS9 7TB,Social Club,Burmantofts and Richmond Hill,,LS9,21908,72142755,53.801174,-1.524183,433980,431436,Y,,,,,Glass,1,,1,,,,735,,506,,,534,,1225.6,,,,,,,,,,,,,,,,,,,,,,,,,,,
The Arkle Pub,"Springfield Avenue, Morley",LS27 9PP,Pub,Morley North,,LS27,21909,72359594,53.753444,-1.607833,428636,425956,Y,,,,,Glass,1,,1,870,,508,703,,533,,,,624,171.2,,,,,,,,,,,,,,,,,,,,,,,,,,,
The Barnbow Pub,Austhorpe Road,LS15 8EH,Pub,Cross Gates and Whinmoor,Y,LS15,21913,72010351,53.807989,-1.443044,434777,436774,Y,,,,,Glass,1,,1,,353,,622,636,,298,,,436,755.34,,,,,,,,,,,,,,,,,,,,,,,,,,,
The Beacon Pub,"Broard Lane, Bramley",LS13 3ER,Pub,Bramley and Stanningley,,LS13,21916,72027942,53.811951,-1.643099,435133,423598,Y,,,,,Glass,1,,,,,594,509,268,217,285,141,,598,154.39,,,,,,,,,,,,,,,,,,,,,,,,,,,
The Beech Hotel,"8 Tong Road, Wortley",LS12 1HX,Pub,Armley,,LS12,22989,72215515,53.790874,-1.574514,432813,428128,Y,,,,,Glass,1,,1,310,,364,,396,115,,,402,381,367.27,0,,,,,,,,,,,,,,,,,,,,,,,,,,
The Boundry House (former Rose & Crown),"24 Church Side, Methley",LS26 9EE,Pub,Kippax and Methley,Y,LS26,22101,72379293,53.73479,-1.409675,426651,439039,Y,,,,,Glass,1,,3,,,,,,,,,,,,,,,,,,,,,,,,,,,,,,,,,,,,,,
The Brick,Tong Road,LS12 3TP,Pub,Farnley and Wortley,,LS12,21931,72216134,53.793066,-1.605718,433045,426071,Y,,,,,Glass,1,,,518,403,822,447,449,271,707,412,606,520,414.03,625.09,,,,,,,,,,,,,,,,,,,,,,,,,,
The Broadway,Dewsbury Road,LS11 5LD,Pub,Beeston and Holbeck,Y,LS11,21936,72057798,53.767707,-1.553478,430244,429530,Y,,,,,Glass,1,,1,481,,,669,546,694,246,,,,,481,,,,,,,,,,,,,,,,,,,,,,,,,,
The Brownlee (former Grey Horse Public House),"Long Row, Horsforth",LS18 5AA,Pub,Horsforth,Y,LS18,22039,72307672,53.842434,-1.635559,438527,424077,Y,,,,,Glass,1,,1,653,,486,671,,253,,710,226,1574,274.48,652.99,,,,,,,,,,,,,,,,,,,,,,,,,,
The Butterbowl,Butterbowl Drive,LS12 5JQ,Pub,Farnley and Wortley,Y,LS12,21942,72720850,53.785827,-1.610157,432238,425783,Y,,,,,Glass,1,,1,"1,135",689,425,"1,018",620,361,"1,059",538,1099,447,786.85,1135,,,,,,,,,,,,,,,,,,,,,,,,,,
The Commercial Pub,Whingate,LS12 3HZ,Pub,Armley,,LS12,21961,72238126,53.795457,-1.600185,433313,426434,Y,,,,,Glass,1,,3,"5,103","1,939","1,746","2,583","2,150","2,954","1,777",1614,3771,3574,2021.64,2613.91,,,,,,,,,,,,,,,,,,,,,,,,,,
The Dalesman,"Old Farm Approach, Butcher Hill",LS16 5EA,Pub,Kirkstall,,LS16,23089,72530118,53.833535,-1.606933,437547,425966,Y,,,,,Glass,1,,1,"1,016",163,"1,531",496,"1,119","1,384","1,286",1022,1086,2300,1158.02,1015.8,,,,,,,,,,,,,,,,,,,,,,,,,,
The Fleece Pub,New Road Side,LS18 4DT,Pub,Horsforth,,LS18,22010,72553034,53.833627,-1.648005,437543,423263,Y,,,,,Glass,1,,1,588,697,430,961,575,607,956,628,226,1528,456.34,1578.43,,,,,,,,,,,,,,,,,,,,,,,,,,
The Fleece Public House,Town Street,LS28 5LF,Pub,Calverley and Farsley,,LS28,22343,72276349,53.814967,-1.670184,435460,421813,Y,,,,,Glass,,,,338,684,,"1,252",883,434,"1,430",765,,1101,964.44,,,,,,,,,,,,,,,,,,,,,,,,,,,
The Gate Hotel,Kentmere Avenue,LS14 1BA,Pub,Killingbeck and Seacroft,Y,LS14,22028,72108814,53.826362,-1.469037,436808,435047,Y,,,,,Glass,1,,3,"2,284",702,,"1,116","1,038","1,110",,1362,,3325,,827,,,,,,,,,,,,,,,,,,,,,,,,,,
The Golden Fleece,Upper Wortley Road,LS12 4JJ,Pub,Farnley and Wortley,,LS12,22036,72220513,53.791629,-1.592601,432890,426936,Y,,,,,Glass,1,,1,"3,126","1,903","3,029","3,465","2,309","1,948","2,735",2505,3860,3452,2473.81,3127.48,,,,,,,,,,,,,,,,,,,,,,,,,,
The Half Moon Inn,Harewood Road,LS22 5BL,Pub,Harewood,Y,LS22,22348,72388485,53.908309,-1.411707,445955,438745,Y,Y,,,,"Glass, Paper",2,,2,"5,842","10,370","8,391","5,948",,,,,,,,5842.19,,,,,,,,,,,,,,,,,,,,,,,,,,
The Hollies - Bramley Liberal Club,Hough Lane,LS13 3NE,Social Club,Bramley and Stanningley,Y,LS13,22054,72102513,53.811471,-1.630239,435084,424445,Y,,,,,Glass,1,,1,216,"1,249",,279,171,,365,,226,113,0,,,,,,,,,,,,,,,,,,,,,,,,,,,
The Lord Darcy,618 Harrogate Road,LS17 8EH,Pub,Alwoodley,Y,LS17,22090,72534303,53.856286,-1.530111,440109,431005,Y,,,,,Glass,1,,1,"1,451","1,262",974,"1,394",929,"1,430",811,1209,1518,789,377.41,1451,,,,,,,,,,,,,,,,,,,,,,,,,,
The Marsh Inn,"70 Uppermoor, Pudsey  ",LS28 7EX,Pub,Pudsey,Y,LS28,22094,72557564,53.794639,-1.678071,433196,421304,Y,,,,,Glass,1,,1,649,,505,,342,,,723,,338,227.42,347.52,,,,,,,,,,,,,,,,,,,,,,,,,,
The Midway,"111 Queensway, Yeadon",LS19 7PL,Pub,Otley and Yeadon,Y,LS19,22106,72293978,53.871096,-1.693331,441698,420262,Y,,,,,Glass,1,,1,"1,578","1,302",582,"1,433","1,101",732,730,929,257,1139,920.25,810.77,,,,,,,,,,,,,,,,,,,,,,,,,,
The Moorgate Car Park,"Leeds Road, Kippax",LS25 7EP,Pub,Kippax and Methley,Y,LS25,22108,72555959,53.773888,-1.37403,431021,441352,Y,,,,,Glass,1,,3,"4,507","4,048",,"2,916","5,007","3,435","3,715",3381,4147,6815,3827.22,4057.54,,,,,,,,,,,,,,,,,,,,,,,,,,
The Mustard Pot,20 Stainbeck Lane,LS7 3QY,Pub,Chapel Allerton,y,LS7,22349,72196111,53.82919,-1.540153,437090,430364,Y,,,,,Glass,1,,,,,,433,,,,593,,299,,,,,,,,,,,,,,,,,,,,,,,,,,,,
The Nags Head,Stonebrige Lane,LS12 5AQ,Pub,Farnley and Wortley,Y,LS12,22124,72550640,53.787873,-1.620414,432462,425106,Y,,,,,Glass,1,,3,"1,230","1,422",,970,747,688,"1,869",508,,1829,1266.97,,,,,,,,,,,,,,,,,,,,,,,,,,,
The Needless Public House,"Scotchman Lane, Morley",LS27 0NZ,Pub,Morley South,,LS27,22126,72351381,53.726283,-1.625197,425608,424827,Y,,,,,Glass,1,,1,0,,,176,,,,,,,,,,,,,,,,,,,,,,,,,,,,,,,,,,
The New Inn,"Berry Lane, Great Preston",LS26 8AX,Pub,Garforth and Swillington,Y,LS26,22129,72328122,53.760719,-1.391154,429546,440236,Y,,,,,Glass,1,,1,0,,594,75,697,,432,,355,447,426.45,338,,,,,,,,,,,,,,,,,,,,,,,,,,
The New Inn now Bar 33,"33 Town Street, Farsley",LS28 5HX,Pub,Calverley and Farsley,Y,LS28,22131,72276206,53.812347,-1.671723,435168,421713,Y,,,,,Glass,1,,1,338,483,"1,142",778,535,396,830,283,707,642,1064.08,755.92,,,,,,,,,,,,,,,,,,,,,,,,,,
The New Middleton (former Middleton Social Club),Thorpe Street ,LS10 4HD,Social Club,Middleton Park,,LS10,22133,72241915,53.743295,-1.543866,427532,430181,Y,,,,,Glass,1,,3,,0,,,340,,,,,,,640,,,,,,,,,,,,,,,,,,,,,,,,,,
The New Rosco (closed),Bristol Street,LS7 1 DH,Pub,City and Hunslet,,LS7,22135,72559365,53.805127,-1.532657,434416,430875,Y,,,,,Glass,1,,2,,,,,,,,,,,,,,,,,,,,,,,,,,,,,,,,,,,,,,
The New Scarborough Inn,"47 Dewsbury Road, Tingley",WF3 1LH,Pub,Morley South,,WF3,22136,72546348,53.729575,-1.579923,425991,427812,Y,,,,,Glass,1,,1,454,405,"1,054",166,365,335,340,373,677,369,421.65,391.21,,,,,,,,,,,,,,,,,,,,,,,,,,
The Nook ,"Heights Drive, Armley                       ",LS12 3SU,Pub,Farnley and Wortley,,LS12,22357,72734299,53.795812,-1.615363,433347,425434,Y,,,,,Glass,1,,1,0,,,416,356,,365,,85,,176.52,0,,,,,,,,,,,,,,,,,,,,,,,,,,
The Orchard (former Grange Public House),Dib Lane,LS8 3HL,Pub,Killingbeck and Seacroft,Y,LS8,22996,72058017,53.821992,-1.487337,436313,433846,Y,,,,,Glass,1,,1,832,,644,172,615,293,360,314,0,795,76.06,832.01,,,,,,,,,,,,,,,,,,,,,,,,,,
The Original Factory Shop,"77-91 Main Street, Garforth",LS25 1AF,Shops,Garforth and Swillington,Y,LS25,22001,72562633,53.794915,-1.388625,433352,440370,Y,,,,,Glass,1,,1,"3,541","5,280","3,289","3,482","4,392","2,621","2,616",4039,4053,4101,3980.73,3540.66,,,,,,,,,,,,,,,,,,,,,,,,,,
The Owl,"1 Rodley Lane, Rodley",LS13 1LB,Pub,Calverley and Farsley,Y,LS13,22152,72273491,53.822856,-1.662739,436340,422299,Y,,,,,Glass,1,,3,8,"1,344","1,172",834,"1,529",896,881,751,1099,1674,1114.79,1281.99,,,,,,,,,,,,,,,,,,,,,,,,,,
The Pax Inn,"The Village, Wetherby, LS23 7AR",LS23 7AR,Pub,Wetherby,Y,LS23,22157,72392207,53.909477,-1.34229,446125,443304,Y,,,,,Glass,1,,3,"1,590",507,939,,590,,"1,141",,1028,1459,,1589.96,,,,,,,,,,,,,,,,,,,,,,,,,,
The Plantation,"Bodmin Approach, Middleton",LS10 4NT,Pub,Middleton Park,,LS10,22160,72023390,53.74791,-1.557054,428040,429308,Y,,,,,Glass,1,,1,,405,,709,,,333,,439,333,,,,,,,,,,,,,,,,,,,,,,,,,,,,
The Prospect ,"Moor Road, Hunslet",LS10 2JJ,Pub,City and Hunslet,Y,LS10,22167,72136698,53.772057,-1.534587,430736,430772,Y,,,,,Glass,1,,1,166,0,,558,,,680,,,,0,165.77,,,,,,,,,,,,,,,,,,,,,,,,,,
The Railway Club,Driver Terrace,LS12 1EA,Social Club,Armley,Y,LS12,22287,72059298,53.791744,-1.569025,432912,428489,Y,,,,,Glass,1,,1,,,,,,,,,,,,,,,,,,,,,,,,,,,,,,,,,,,,,,
The Red Lion,"Main Street, Shadwell",LS17 8HH,Pub,Harewood,Y,LS17,22183,72126400,53.854579,-1.484309,439940,434019,Y,,,,,Glass,1,,4,"4,509","5,230","5,563","5,196","7,929","5,297","5,002",5386,8192,6971,4908.42,4508.67,,,,,,,,,,,,,,,,,,,,,,,,,,
The Robin Hood,"11 Kirk Lane, Yeadon",LS19 7EP,Pub,Otley and Yeadon,Y,LS19,22271,72566712,53.865644,-1.687441,441093,420652,Y,,,,,Glass ,,,,614,,529,456,,373,,555,339,,,614,,,,,,,,,,,,,,,,,,,,,,,,,,
The Rock,458 Leeds and Bradford Road,LS13 1EP,Pub,Bramley and Stanningley,Y,LS13,22208,72118078,53.818502,-1.636906,435864,424002,Y,,,,,Glass,1,,3,259,"1,019",812,"1,308","1,027",563,730,723,198,1560,454.85,259,,,,,,,,,,,,,,,,,,,,,,,,,,
The Spinning Wheel,"Admiral Street, Holbeck",LS11 5NG,Social Club,City and Hunslet,,LS11,22238,72527281,53.782007,-1.54378,431839,430159,Y,,,,,Glass,1,,3,"1,025",,"1,103",,,"1,885",,,,1164,152.11,1025.14,,,,,,,,,,,,,,,,,,,,,,,,,,
The Sportsman Inn,"14 Hunger Hill, Morley",LS27 9AD,Pub,Morley South,,LS27,23094,72350855,53.742617,-1.60099,427434,426414,Y,,,,,Glass,1,,1,,,,,,,677,,,,,,,,,,,,,,,,,,,,,,,,,,,,,,,
The Swinnow Hotel (closed),Swinnow Lane,LS13 4QX,Pub,Pudsey,,LS13,22256,72205780,53.799712,-1.64132,433772,423722,Y,,,,,Glass,1,,1,108,,376,,,341,,,0,,197.48,108.19,,,,,,,,,,,,,,,,,,,,,,,,,,
The Two Pointers,"69 Church St, Woodlesford",LS26 8RE,Pub,Rothwell,,LS26,,72383464,53.757864,-1.447301,429198,436537,Y,,,,,,,,,618,676,626,572,"1,137",548,692,264,690,342,228.39,618.21,,,,,,,,,,,,,,,,,,,,,,,,,,
The Wellington Inn,"Wetherby Road, Roundhay",LS17 8LZ,Pub,Cross Gates and Whinmoor,Y,LS17,22285,72230237,53.843783,-1.467525,438747,435132,Y,,,,,Glass,1,,3,0,"1,001",,,,,,,,,,,,,,,,,,,,,,,,,,,,,,,,,,,,
Thorner Victory Hall,"Carr Lane, Thorner",LS14 3EY,Business,Harewood,,LS14,22324,72389021,53.860124,-1.428515,440585,437684,Y,,,,,Glass,1,,1,761,334,526,643,454,441,556,634,318,718,0,761.38,,,,,,,,,,,,,,,,,,,,,,,,,,
Three Horse Shoes,"16 Leeds Road, Oulton",LS26 8JU,Pub,Rothwell,Y,LS26,22265,72151471,53.827773,-1.582709,436915,427564,Y,,,,,Glass,1,,1,573,,603,,370,,520,,,327,362.73,573.33,,,,,,,,,,,,,,,,,,,,,,,,,,
Tingley W.M.C,"Institute House, Bradford Road, Tingley",WF3 1JZ,Social Club,Morley South,Y ,WF3,22266,72368755,53.731472,-1.580071,426202,427801,Y,,,,,Glass,1,,3,348,,"1,864",774,,,785,,2045,0,758.97,347.68,,,,,,,,,,,,,,,,,,,,,,,,,,
Tinshill and Cookridge Social Club,Woodnook Drive,LS16 6PF,Social Club,Weetwood,,LS16,22267,72552128,53.845331,-1.625062,438853,424766,Y,,,,,Glass,1,,1,346,,861,561,,877,924,,655,983,274.78,345.71,,,,,,,,,,,,,,,,,,,,,,,,,,
TJs Bar and Grill,Woodhouse Street,LS6 2JH,Pub,Hyde Park and Woodhouse,,LS6,22268,72558697,53.814566,-1.556762,435456,429281,Y,,,,,Glass,1,,3,545,390,572,585,,458,254,720,872,1029,444.51,545,,,,,,,,,,,,,,,,,,,,,,,,,,
Toby Carvery/The Eleventh Earl,"4 Fink Hill, Horsforth",LS18 4DH,Pub,Horsforth,,LS18,21948,72305164,53.834517,-1.645232,437643,423445,Y,,,,,Glass,1,,1,541,598,,"1,099",137,364,747,534,369,853,341.13,541,,,,,,,,,,,,,,,,,,,,,,,,,,
Turnbull Court Sheltered Housing Scheme,"Turnbull Court, Roundhay",LS8 3AZ ,Sheltered Housing,Roundhay,,LS8,23184,72738713,53.823571,-1.485617,436489,433958,,,,,,Glass,1,,1,,,,,,,248.42,,,,,,,,,,,,,,,,,,,,,,,,,,,,,,,
Troydale Recreational Club,Troydale Grove,LS28 9LA,Social Club,Pudsey,,LS28,22270,72557787,53.786979,-1.639304,432356,423862,Y,,,,,Glass,1,,1,820,255,294,509,134,,463,,464,,68.81,820.11,,,,,,,,,,,,,,,,,,,,,,,,,,
Turnbull Court Sheltered Housing Scheme,"Turnbull Court, Roundhay",LS8 3AZ ,Sheltered Housing,Roundhay,,,,72738713,53.823571,-1.485617,436489,433958,,,,,,,,,,,,,,,,,,,,,,,,,,,,,,,,,,,,,,,,,,,,,,,
Two Pointers Public House,"Church Street, Woodlesford",LS26 8RE,,,,,22272,72383464,53.757844,-1.447228,429198,436537,,,,,,,,,,,,,,,,,,,,,,,,,,,,,,,,,,,,,,,,,,,,,,,
Two Pointers Public House,"Church Street, Woodlesford",LS26 8RE,Pub,,,,,,,,,,,,,,,,,,,,,,,,,,,,,,,,,,,,,,,,,,,,,,,,,,,,,,,,
Tyersal Residents Association Community Centre,Tyersal Road Bradford,BD4 8EZ,Community Centre,Pudsey,Y,BD4,22273,72524670,53.791618,-1.698268,432854,419975,Y,,,,,Glass,1,,1,641,653,271,616,342,918,,833,,1787,,641,,,,,,,,,,,,,,,,,,,,,,,,,,
"Turnbull Court, Sheltered Housing",Turnbull Court,LS8 3AZ,Housing,Gipton and Harehills,Y,LS8,23184,,,,,,,,,,,,,,,,,,,,,,,,137,,,,,,,,,,,,,,,,,,,,,,,,,,,,
Unite Students,St Cecilia Street,LS2 7PA,Business,City and Hunslet,,LS2,23125,72681550,53.797394,-1.532029,433556,430922,Y,,,,,Glass,,,,,,,,,,569,,,301,,,,,,,,,,,,,,,,,,,,,,,,,,,,
Victoria Road,Victoria Road,LS6 1AT,Road Side,Headingley,,LS6,,72222272,53.814966,-1.564581,435497,428766,,,Y,Y,,"Textile, Small Electrical Appliances",,,0,,,,,,,,,,,,,,,,,,,,,,,,,,,,,,,,,,,,,,
Wagon and Horses,"154 Leeds Road, Lofthouse",WF3 3LR,Pub,Ardsley and Robin Hood,Y ,WF3,22280,72562053,53.725484,-1.495529,425572,433383,Y,,,,,Glass,1,,1,391,,,355,,368,333,,372,,252.99,,,,,,,,,,,,,,,,,,,,,,,,,,,
Wagon and Horses,"2 Town Street, Pudsey",LS28 6HL,Pub,Bramley and Stanningley,,LS28,22281,72218574,53.80855,-1.657509,434750,422651,Y,,,,,Glass,1,,1,,,636,,218,,,417,,421,275.25,,,,,,,,,,,,,,,,,,,,,,,,,,,
"Waitrose Meanwood, ",Capitol Parade,LS6 4RJ,Supermarket,Meanwood,,LS6,22282,72685303,53.828313,-1.567814,436981,428544,Y,Y,Y,Y,,,,,,"21,756","15,070","17,940","28,450","17,398","17,244","20,265",17773,29096,20746,16183.75,21756,,,,,,,,,,,,,,,,,,,,,,,,,,
"Waitrose Otley, ","60 Westgate, Otley",LS21 3AS,Car Park,Otley and Yeadon,Y,LS21,22283,72340493,53.903648,-1.697745,445318,419956,Y,,,,,Glass,1,,4,"8,909","9,994","7,647","11,004","7,797","7,539","8,915",6620,10576,9024,7447.35,,,,,,,,,,,,,,,,,,,,,,,,,,,
West Leeds ARLFC,Redshaw Road,LS12 1HH,Sports Club,Armley,,LS12,22288,72168679,53.791048,-1.580371,432830,427742,Y,,,,,Glass,1,,3,,,907,,,860,,677,847,308,,,,,,,,,,,,,,,,,,,,,,,,,,,,
Wetherby Cricket and Rugby Club,"Old Boston Road, Wetherby",LS22 5NB,Sports Club,Wetherby,Y,LS22,22356,72334381,53.919517,-1.381248,447219,440735,Y,,,,,Glass,1,,1,,,,,,,,,,,,,,,,,,,,,,,,,,,,,,,,,,,,,,
Wetherby Golf Club,Linton Lane,LS22 4JF,Sports Club,Wetherby,Y,LS22,22290,72335692,53.926119,-1.401634,447942,439390,Y,,,,,Glass,1,,1,,635,,,517,368,451,454,542,665,258.62,,,,,,,,,,,,,,,,,,,,,,,,,,,
Wetherby WMC,"Sandown House, Sandbeck Way",LS22 7DN,Social Club,Wetherby,Y,LS22,22293,72567848,53.936926,-1.379376,449157,440841,Y,,,,,Glass,1,,1,,558,,,608,,,70,713,295,,,,,,,,,,,,,,,,,,,,,,,,,,,,
Wharfe Bank Business Centre (Otley Business park),"West c/p nr Pegholme Mill, Ilkley Road, Otley",LS21 3JP,Road Side,Otley and Yeadon,,LS21,22150,72340951,53.903233,-1.706754,445270,419365,Y,,,,,Glass,1,,1,,,0,,,,,,,493,,,,,,,,,,,,,,,,,,,,,,,,,,,,
Whetherby Lorry Park (Morrisons),Hallfield Road,LS22 6JG,Shops,Wetherby,Y,LS22,22291,72567788,53.927946,-1.382723,448156,440630,Y,Y,,,,"Glass, Paper",1,,7,"19,904","18,580","19,737",,"24,704","19,772","17,100",22364,26131,24224,18071.53,25322.11,,,,,,,,,,,,,,,,,,,,,,,,,,
Whetherby Sports Association,Boston Road,LS22 5NB,Sports Club,Wetherby,,LS22,22292,72334381,53.919517,-1.381248,447219,440735,Y,,,,,Glass,,,,499,,646,419,517,367,387,454,477,411,420.51,498.67,,,,,,,,,,,,,,,,,,,,,,,,,,
White Horse,"2 Hough Side Road, Pudsey",LS28 9DD,Pub,Pudsey,Y,LS28,22295,72545473,53.797418,-1.652787,433513,422968,Y,,,,,Glass,1,,1,508,764,673,402,327,411,328,565,816,755,550.51,507.53,,,,,,,,,,,,,,,,,,,,,,,,,,
White Rose Shopping Centre,Dewsbury Road,LS11 8LU,Shops,Morley North,Y,LS11,22296,72369232,53.75785,-1.574135,429139,428175,Y,Y,,,,"Glass, Paper",1,,6,"9,804","8,221","6,471","8,861","6,071","6,029","7,584",5202,10486,8263,6508.76,9803.66,,,,,,,,,,,,,,,,,,,,,,,,,,
Whitkirk Cricket Club,Selby Road,LS15 0PG,Sports Club,Temple Newsam,Y,LS15,22299,72182132,53.795869,-1.453953,433423,436066,Y,,,,,Glass,1,,1,0,482,,"1,436",370,523,691,528,816,390,505.88,0,,,,,,,,,,,,,,,,,,,,,,,,,,
Windmill Inn,"Main Street, Linton",LS22 4HT,Pub,Harewood,,LS22,22301,72390333,53.915379,-1.407192,446744,439035,Y,,,,,Glass,1,,1,0,500,526,292,"1,157",395,387,476,446,548,387.93,0,,,,,,,,,,,,,,,,,,,,,,,,,,
Woodhouse Cricket Club,481 Meanwood Road,LS6 2BH,Sports Club,Chapel Allerton,,LS6,22302,72130481,53.822645,-1.561264,436353,428979,Y,,,,,Glass,,,,224,538,283,569,641,889,285,818,269,684,715.15,224,,,,,,,,,,,,,,,,,,,,,,,,,,
"Woodhouse Moor, Site 1",Cliff Road,LS6 2UZ,Road Side,Hyde Park and Woodhouse,Y,LS6,22067,72236184,53.814344,-1.56091,435430,429008,Y,,,,,Glass,1,,2,979,649,148,"1,081",230,758,307,612,568,276,444.51,979,,,,,,,,,,,,,,,,,,,,,,,,,,
Woodkirk Valley Football Club,"Dewsbury Road, Woodkirk",WF12 7JL,Sports Club,Morley South,,WF10,22988,72369364,53.722961,-1.552396,425251,427099,Y,,,,,Glass,1,,1,,,,,,,,,,,,,,,,,,,,,,,,,,,,,,,,,,,,,,
Woodhouse Street,Woodhouse Street,LS6 2JW,Road Side,Headingley,,LS6,,72236297,53.814312,-1.555298,435430,429378,,,Y,Y,,"Textile, Small Electrical Appliances",,,0,,,,,,,,,,,,,,,,,,,,,,,,,,,,,,,,,,,,,,
Wyke Ridge Gold Club,"School Lane, Wike Ridge Lane",LS17 9JW,Leisure Centre,Harewood,Y,LS17,22306,72552817,53.873003,-1.494516,441985,433333,Y,,,,,Glass,1,,1,,,,,617,,,,,528,,0,,,,,,,,,,,,,,,,,,,,,,,,,,
Wykebeck Arms ,Selby Road ,LS9 0EW,Pub,Temple Newsam,Y,LS9,22307,72181807,53.799954,-1.48135,433864,434258,Y,,,,,Glass,1,,1,435,0,669,,562,368,170,334,,667,337.32,434.6,,,,,,,,,,,,,,,,,,,,,,,,,,
Yarnbury (Horsforth) Rugby Football Club,"Brownberrie Lane, Horsforth",LS18 5HB,Sports Club,Horsforth,Y,LS18,22308,72307109,53.84994,-1.650954,439357,423060,Y,,,,,Glass,1,,1,,526,636,242,506,364,,368,492,536,578.51,,,,,,,,,,,,,,,,,,,,,,,,,,,
Yeadon Liberal Club,"High Street, Yeadon",LS19 7PP,Social Club,Otley and Yeadon,Y,LS19,22309,72297700,53.865947,-1.683317,441128,420923,Y,,,,,Glass,1,,1,"1,214",423,529,855,251,745,235,744,841,821,0,1214,,,,,,,,,,,,,,,,,,,,,,,,,,
Yeadon Town Hall,"High Street, Yeadon",LS19 7PP,Council Office,Otley and Yeadon,,LS19,22309,72297669,53.865708,-1.684551,441101,420842,Y,,,,,Glass,1,,1,765,"1,058","1,429",916,702,742,"1,151",637,1031,670,777.9,765,,,,,,,,,,,,,,,,,,,,,,,,,,
Yorkshire Amateur Athletic Football Club,Roxholme Road,LS8 4EB,Sports Club,Chapel Allerton,,LS8,22310,72563780,53.823337,-1.521456,436447,431599,Y,,,,,Glass,1,,1,,,,,,,593,,,,,,,,,,,,,,,,,,,,,,,,,,,,,,,
Zaccharys Caf,54 Fulneck,LS28 8NT,Restaurant,Pudsey,Y,LS28,22318,72283186,53.783697,-1.666878,431982,422047,Y,,,,,Glass,1,,1,481,,430,509,,533,463,534,,450,617.57,480.88,,,,,,,,,,,,,,,,,,,,,,,,,,
,,,,,,,,,,,,,,,,,,,,,,,,,,,,,,,,,,,,,,,,,,,,,,,,,,,,,,,,,,,
,,,,,,,,,,,,,,,,,,,,,,TOTAL 03/19 Glass Tonnages Kg,,,,,,,,,,,,,,,,,,,,,,,,,,,,,,,,,,,,,
